{"results": {"label_aggregation_benchmark.Relevance2.time_dawid_skene": {"result": [5.04590525399999], "stats": [{"ci_99": [3.6532855096155643, 6.422985959051204], "q_25": 4.889183358000082, "q_75": 5.190972870499991, "min": 4.732461462000174, "max": 5.336040486999991, "mean": 5.038135734333385, "std": 0.24647134239341742, "repeat": 3, "number": 1}]}, "label_aggregation_benchmark.Relevance2.time_gold_majority_vote": {"result": [0.8807748039998842], "stats": [{"ci_99": [0.8492885320001733, 0.9510741089998191], "q_25": 0.8718933567499789, "q_75": 0.9141886984998564, "min": 0.8492885320001733, "max": 0.9510741089998191, "mean": 0.8932016243998987, "std": 0.03073309552337676, "repeat": 10, "number": 1}]}, "label_aggregation_benchmark.Relevance2.time_majority_vote": {"result": [0.6568936579997171], "stats": [{"ci_99": [0.610987321999346, 0.691183762000037], "q_25": 0.6261921427499146, "q_75": 0.6711091904999194, "min": 0.610987321999346, "max": 0.691183762000037, "mean": 0.6512002048997602, "std": 0.025368741853588138, "repeat": 10, "number": 1}]}, "label_aggregation_benchmark.Relevance2.time_mmsr": null, "label_aggregation_benchmark.Relevance2.time_wawa": {"result": [1.5727673825003876], "stats": [{"ci_99": [1.4372303549998833, 1.7533138900007543], "q_25": 1.546053473999791, "q_75": 1.5982557782501772, "min": 1.4372303549998833, "max": 1.7533138900007543, "mean": 1.5794113752001977, "std": 0.07525431141021094, "repeat": 10, "number": 1}]}, "label_aggregation_benchmark.Relevance2.time_zbs": {"result": [10.394301085500047], "stats": [{"ci_99": [-18.98084588950769, 39.769448060507756], "q_25": 10.10054961574997, "q_75": 10.688052555250124, "min": 9.806798145999892, "max": 10.981804025000201, "mean": 10.394301085500047, "std": 0.5875029395001548, "repeat": 2, "number": 1}]}, "label_aggregation_benchmark.Relevance2.peakmem_dawid_skene": 217354240, "label_aggregation_benchmark.Relevance2.peakmem_gold_majority_vote": 197185536, "label_aggregation_benchmark.Relevance2.peakmem_majority_vote": 205938688, "label_aggregation_benchmark.Relevance2.peakmem_mmsr": null, "label_aggregation_benchmark.Relevance2.peakmem_wawa": 217374720, "label_aggregation_benchmark.Relevance2.peakmem_zbs": 226418688, "label_aggregation_benchmark.Relevance2.track_accuracy_dawid_skene": 0.8106955055064987, "label_aggregation_benchmark.Relevance2.track_accuracy_gold_majority_vote": 0.8255779343188808, "label_aggregation_benchmark.Relevance2.track_accuracy_majority_vote": 0.7763667030459371, "label_aggregation_benchmark.Relevance2.track_accuracy_mmsr": null, "label_aggregation_benchmark.Relevance2.track_accuracy_wawa": null, "label_aggregation_benchmark.Relevance2.track_accuracy_zbs": 0.7733902172834607}, "params": {"arch": "x86_64", "cpu": "Intel(R) Xeon(R) Gold 6230 CPU @ 2.10GHz", "machine": "sinosov-vm.sas.yp-c.yandex.net", "num_cpu": "16", "os": "Linux 4.19.100-23", "ram": "16GB", "python": "3.8"}, "requirements": {}, "commit_hash": "07bad1d1134d8e4b406ee4f35617831f0dd8e1bd", "date": 1621441739000, "env_name": "virtualenv-py3.8", "python": "3.8", "profiles": {}, "started_at": {"label_aggregation_benchmark.Relevance2.time_dawid_skene": 1632151827077, "label_aggregation_benchmark.Relevance2.time_gold_majority_vote": 1632151838562, "label_aggregation_benchmark.Relevance2.time_majority_vote": 1632151845534, "label_aggregation_benchmark.Relevance2.time_mmsr": 1632151653349, "label_aggregation_benchmark.Relevance2.time_wawa": 1632151850751, "label_aggregation_benchmark.Relevance2.time_zbs": 1632151861332, "label_aggregation_benchmark.Relevance2.peakmem_dawid_skene": 1632151746146, "label_aggregation_benchmark.Relevance2.peakmem_gold_majority_vote": 1632151751513, "label_aggregation_benchmark.Relevance2.peakmem_majority_vote": 1632151752670, "label_aggregation_benchmark.Relevance2.peakmem_mmsr": 1632151753625, "label_aggregation_benchmark.Relevance2.peakmem_wawa": 1632151813735, "label_aggregation_benchmark.Relevance2.peakmem_zbs": 1632151815694, "label_aggregation_benchmark.Relevance2.track_accuracy_dawid_skene": 1632151881588, "label_aggregation_benchmark.Relevance2.track_accuracy_gold_majority_vote": 1632151887108, "label_aggregation_benchmark.Relevance2.track_accuracy_majority_vote": 1632151888265, "label_aggregation_benchmark.Relevance2.track_accuracy_mmsr": 1632151889271, "label_aggregation_benchmark.Relevance2.track_accuracy_wawa": 1632151949437, "label_aggregation_benchmark.Relevance2.track_accuracy_zbs": 1632151949692}, "ended_at": {"label_aggregation_benchmark.Relevance2.time_dawid_skene": 1632151838562, "label_aggregation_benchmark.Relevance2.time_gold_majority_vote": 1632151845533, "label_aggregation_benchmark.Relevance2.time_majority_vote": 1632151850751, "label_aggregation_benchmark.Relevance2.time_mmsr": 1632151713454, "label_aggregation_benchmark.Relevance2.time_wawa": 1632151861332, "label_aggregation_benchmark.Relevance2.time_zbs": 1632151881588, "label_aggregation_benchmark.Relevance2.peakmem_dawid_skene": 1632151751513, "label_aggregation_benchmark.Relevance2.peakmem_gold_majority_vote": 1632151752669, "label_aggregation_benchmark.Relevance2.peakmem_majority_vote": 1632151753625, "label_aggregation_benchmark.Relevance2.peakmem_mmsr": 1632151813735, "label_aggregation_benchmark.Relevance2.peakmem_wawa": 1632151815694, "label_aggregation_benchmark.Relevance2.peakmem_zbs": 1632151827077, "label_aggregation_benchmark.Relevance2.track_accuracy_dawid_skene": 1632151887108, "label_aggregation_benchmark.Relevance2.track_accuracy_gold_majority_vote": 1632151888265, "label_aggregation_benchmark.Relevance2.track_accuracy_majority_vote": 1632151889271, "label_aggregation_benchmark.Relevance2.track_accuracy_mmsr": 1632151949437, "label_aggregation_benchmark.Relevance2.track_accuracy_wawa": 1632151949692, "label_aggregation_benchmark.Relevance2.track_accuracy_zbs": 1632151960125}, "benchmark_version": {"label_aggregation_benchmark.Relevance2.time_dawid_skene": "88f5ffd9d32ebcca57bcf651a025ad2a0b691ed8678ddfdc0b7b3c3706ae2841", "label_aggregation_benchmark.Relevance2.time_gold_majority_vote": "a941271c216476d18a69aa535cadb07952260a39843740fe0e24b39da38f2b87", "label_aggregation_benchmark.Relevance2.time_majority_vote": "bf7b878a140af9efeece34d841b277f355e06580d861c68bbc83c5778d378874", "label_aggregation_benchmark.Relevance2.time_mmsr": "5571c05342e9008d9a622d1fd39aab8313ac30d57a0bbc14f8a75fdecf325ec5", "label_aggregation_benchmark.Relevance2.time_wawa": "67cb33c8ffccda0337fde361b5ada33d055cbe734f2d5e18bb3b34175e5dae45", "label_aggregation_benchmark.Relevance2.time_zbs": "439d37a43e482da76ad622b5a5a193a8f7db820344721d397e88445def4fb83e", "label_aggregation_benchmark.Relevance2.peakmem_dawid_skene": "c4518a41f907d2fdca9ec6e25a60a9b7fd53da0b1bd0118501903650bb5f1638", "label_aggregation_benchmark.Relevance2.peakmem_gold_majority_vote": "5f5916fabc3b14c3bdabc854557c7ebafca1ee9217cff4cddabc8dd5df1da65e", "label_aggregation_benchmark.Relevance2.peakmem_majority_vote": "5f7d206e231aae89f9cd72f2db890099a89e82eef9e2820a0c0d8f4e3ddb5efe", "label_aggregation_benchmark.Relevance2.peakmem_mmsr": "586fc489203a8698ebf76b1fdd33e672de89daed052f26ebc0ee51f3d2b5925c", "label_aggregation_benchmark.Relevance2.peakmem_wawa": "74851db6b519ddfce3cc70216af3da6a65142006c943caeca214b211ac785d41", "label_aggregation_benchmark.Relevance2.peakmem_zbs": "0b38906e5d5119c3c36a58dc75c41c24b4e4b0ecc614743f1618fa43fd33f108", "label_aggregation_benchmark.Relevance2.track_accuracy_dawid_skene": "7e0a657652a7e72d8cb6aef9507ae81cad50d30d418a12ad20e99c3d3c50ef1a", "label_aggregation_benchmark.Relevance2.track_accuracy_gold_majority_vote": "69bd13cf276103040ca16849ee8bdec6c75438df3e592dd47e03e7d129c76a5d", "label_aggregation_benchmark.Relevance2.track_accuracy_majority_vote": "7916e4d5988a8dcb77986cebe3cfbced48c6f347e996ee2048a11a02eac51ada", "label_aggregation_benchmark.Relevance2.track_accuracy_mmsr": "860fd1d24b3cc508a9f9d2c2e0a54b6545bd630b580f2595b093bb9b15592b36",