{"results": {"label_aggregation_benchmark.Relevance2.time_dawid_skene": {"result": [5.074047554997378], "stats": [{"ci_99": [4.7535357045562705, 5.3945594054384856], "q_25": 5.070842436492967, "q_75": 5.077252673501789, "min": 5.067637317988556, "max": 5.0804577920062, "mean": 5.074047554997378, "std": 0.0064102370088221505, "repeat": 2, "number": 1}]}, "label_aggregation_benchmark.Relevance2.time_gold_majority_vote": {"result": [0.8835537029954139], "stats": [{"ci_99": [0.850320488010766, 0.913051515002735], "q_25": 0.8779802954813931, "q_75": 0.8974682812404353, "min": 0.850320488010766, "max": 0.913051515002735, "mean": 0.8849970585957635, "std": 0.017462989490206693, "repeat": 10, "number": 1}]}, "label_aggregation_benchmark.Relevance2.time_majority_vote": {"result": [0.6607725039939396], "stats": [{"ci_99": [0.6156085940019693, 0.7211250880209263], "q_25": 0.6402544312513783, "q_75": 0.672386912505317, "min": 0.6156085940019693, "max": 0.7211250880209263, "mean": 0.6591146528051468, "std": 0.03010655309089453, "repeat": 10, "number": 1}]}, "label_aggregation_benchmark.Relevance2.time_mmsr": null, "label_aggregation_benchmark.Relevance2.time_wawa": {"result": [1.506189820021973], "stats": [{"ci_99": [1.4162009179999586, 1.6563237990194466], "q_25": 1.481968179003161, "q_75": 1.599452921502234, "min": 1.4162009179999586, "max": 1.6563237990194466, "mean": 1.5329983566043666, "std": 0.0748707658021745, "repeat": 10, "number": 1}]}, "label_aggregation_benchmark.Relevance2.time_zbs": {"result": [9.727497548490646], "stats": [{"ci_99": [3.6821989230957115, 15.772796173885576], "q_25": 9.667044562236697, "q_75": 9.787950534744596, "min": 9.606591575982748, "max": 9.848403520998545, "mean": 9.727497548490646, "std": 0.1209059725078987, "repeat": 2, "number": 1}]}, "label_aggregation_benchmark.Relevance2.peakmem_dawid_skene": 216940544, "label_aggregation_benchmark.Relevance2.peakmem_gold_majority_vote": 196866048, "label_aggregation_benchmark.Relevance2.peakmem_majority_vote": 205508608, "label_aggregation_benchmark.Relevance2.peakmem_mmsr": null, "label_aggregation_benchmark.Relevance2.peakmem_wawa": 216940544, "label_aggregation_benchmark.Relevance2.peakmem_zbs": 226353152, "label_aggregation_benchmark.Relevance2.track_accuracy_dawid_skene": 0.8106955055064987, "label_aggregation_benchmark.Relevance2.track_accuracy_gold_majority_vote": 0.8255779343188808, "label_aggregation_benchmark.Relevance2.track_accuracy_majority_vote": 0.7763667030459371, "label_aggregation_benchmark.Relevance2.track_accuracy_mmsr": null, "label_aggregation_benchmark.Relevance2.track_accuracy_wawa": null, "label_aggregation_benchmark.Relevance2.track_accuracy_zbs": 0.7733902172834607}, "params": {"arch": "x86_64", "cpu": "Intel(R) Xeon(R) Gold 6230 CPU @ 2.10GHz", "machine": "vm", "num_cpu": "16", "os": "Linux 4.19.100-23", "ram": "16GB", "python": "3.8"}, "requirements": {}, "commit_hash": "07bad1d1134d8e4b406ee4f35617831f0dd8e1bd", "date": 1621441739000, "env_name": "virtualenv-py3.8", "python": "3.8", "profiles": {}, "started_at": {"label_aggregation_benchmark.Relevance2.time_dawid_skene": 1632299243808, "label_aggregation_benchmark.Relevance2.time_gold_majority_vote": 1632299254846, "label_aggregation_benchmark.Relevance2.time_majority_vote": 1632299261419, "label_aggregation_benchmark.Relevance2.time_mmsr": 1632299071246, "label_aggregation_benchmark.Relevance2.time_wawa": 1632299266840, "label_aggregation_benchmark.Relevance2.time_zbs": 1632299277176, "label_aggregation_benchmark.Relevance2.peakmem_dawid_skene": 1632299162756, "label_aggregation_benchmark.Relevance2.peakmem_gold_majority_vote": 1632299168226, "label_aggregation_benchmark.Relevance2.peakmem_majority_vote": 1632299169434, "label_aggregation_benchmark.Relevance2.peakmem_mmsr": 1632299170492, "label_aggregation_benchmark.Relevance2.peakmem_wawa": 1632299230660, "label_aggregation_benchmark.Relevance2.peakmem_zbs": 1632299232620, "label_aggregation_benchmark.Relevance2.track_accuracy_dawid_skene": 1632299297238, "label_aggregation_benchmark.Relevance2.track_accuracy_gold_majority_vote": 1632299302305, "label_aggregation_benchmark.Relevance2.track_accuracy_majority_vote": 1632299303513, "label_aggregation_benchmark.Relevance2.track_accuracy_mmsr": 1632299304521, "label_aggregation_benchmark.Relevance2.track_accuracy_wawa": 1632299364682, "label_aggregation_benchmark.Relevance2.track_accuracy_zbs": 1632299364936}, "ended_at": {"label_aggregation_benchmark.Relevance2.time_dawid_skene": 1632299254845, "label_aggregation_benchmark.Relevance2.time_gold_majority_vote": 1632299261419, "label_aggregation_benchmark.Relevance2.time_majority_vote": 1632299266839, "label_aggregation_benchmark.Relevance2.time_mmsr": 1632299131418, "label_aggregation_benchmark.Relevance2.time_wawa": 1632299277176, "label_aggregation_benchmark.Relevance2.time_zbs": 1632299297238, "label_aggregation_benchmark.Relevance2.peakmem_dawid_skene": 1632299168226, "label_aggregation_benchmark.Relevance2.peakmem_gold_majority_vote": 1632299169434, "label_aggregation_benchmark.Relevance2.peakmem_majority_vote": 1632299170492, "label_aggregation_benchmark.Relevance2.peakmem_mmsr": 1632299230660, "label_aggregation_benchmark.Relevance2.peakmem_wawa": 1632299232620, "label_aggregation_benchmark.Relevance2.peakmem_zbs": 1632299243808, "label_aggregation_benchmark.Relevance2.track_accuracy_dawid_skene": 1632299302305, "label_aggregation_benchmark.Relevance2.track_accuracy_gold_majority_vote": 1632299303513, "label_aggregation_benchmark.Relevance2.track_accuracy_majority_vote": 1632299304521, "label_aggregation_benchmark.Relevance2.track_accuracy_mmsr": 1632299364682, "label_aggregation_benchmark.Relevance2.track_accuracy_wawa": 1632299364936, "label_aggregation_benchmark.Relevance2.track_accuracy_zbs": 1632299375419}, "benchmark_version": {"label_aggregation_benchmark.Relevance2.time_dawid_skene": "88f5ffd9d32ebcca57bcf651a025ad2a0b691ed8678ddfdc0b7b3c3706ae2841", "label_aggregation_benchmark.Relevance2.time_gold_majority_vote": "a941271c216476d18a69aa535cadb07952260a39843740fe0e24b39da38f2b87", "label_aggregation_benchmark.Relevance2.time_majority_vote": "bf7b878a140af9efeece34d841b277f355e06580d861c68bbc83c5778d378874", "label_aggregation_benchmark.Relevance2.time_mmsr": "5571c05342e9008d9a622d1fd39aab8313ac30d57a0bbc14f8a75fdecf325ec5", "label_aggregation_benchmark.Relevance2.time_wawa": "67cb33c8ffccda0337fde361b5ada33d055cbe734f2d5e18bb3b34175e5dae45", "label_aggregation_benchmark.Relevance2.time_zbs": "439d37a43e482da76ad622b5a5a193a8f7db820344721d397e88445def4fb83e", "label_aggregation_benchmark.Relevance2.peakmem_dawid_skene": "c4518a41f907d2fdca9ec6e25a60a9b7fd53da0b1bd0118501903650bb5f1638", "label_aggregation_benchmark.Relevance2.peakmem_gold_majority_vote": "5f5916fabc3b14c3bdabc854557c7ebafca1ee9217cff4cddabc8dd5df1da65e", "label_aggregation_benchmark.Relevance2.peakmem_majority_vote": "5f7d206e231aae89f9cd72f2db890099a89e82eef9e2820a0c0d8f4e3ddb5efe", "label_aggregation_benchmark.Relevance2.peakmem_mmsr": "586fc489203a8698ebf76b1fdd33e672de89daed052f26ebc0ee51f3d2b5925c", "label_aggregation_benchmark.Relevance2.peakmem_wawa": "74851db6b519ddfce3cc70216af3da6a65142006c943caeca214b211ac785d41", "label_aggregation_benchmark.Relevance2.peakmem_zbs": "0b38906e5d5119c3c36a58dc75c41c24b4e4b0ecc614743f1618fa43fd33f108", "label_aggregation_benchmark.Relevance2.track_accuracy_dawid_skene": "7e0a657652a7e72d8cb6aef9507ae81cad50d30d418a12ad20e99c3d3c50ef1a", "label_aggregation_benchmark.Relevance2.track_accuracy_gold_majority_vote": "69bd13cf276103040ca16849ee8bdec6c75438df3e592dd47e03e7d129c76a5d", "label_aggregation_benchmark.Relevance2.track_accuracy_majority_vote": "7916e4d5988a8dcb77986cebe3cfbced48c6f347e996ee2048a11a02eac51ada", "label_aggregation_benchmark.Relevance2.track_accuracy_mmsr": "860fd1d24b3cc508a9f9d2c2e0a54b6545bd630b580f2595b093bb9b15592b36",