{"results": {"label_aggregation_benchmark.Relevance2.time_dawid_skene": {"result": [4.946900230017491], "stats": [{"ci_99": [3.944725385226791, 6.224251086784822], "q_25": 4.934242127506877, "q_75": 5.165940341510577, "min": 4.921584024996264, "max": 5.384980453003664, "mean": 5.084488236005806, "std": 0.21273129673586633, "repeat": 3, "number": 1}]}, "label_aggregation_benchmark.Relevance2.time_gold_majority_vote": {"result": [0.9410483055107761], "stats": [{"ci_99": [0.8851268159924075, 0.9962441200041212], "q_25": 0.9194372655038023, "q_75": 0.9721542455008603, "min": 0.8851268159924075, "max": 0.9962441200041212, "mean": 0.9426774417021079, "std": 0.035570932184725436, "repeat": 10, "number": 1}]}, "label_aggregation_benchmark.Relevance2.time_majority_vote": {"result": [0.7016690979799023], "stats": [{"ci_99": [0.6553583579952829, 0.7826281220186502], "q_25": 0.688066388007428, "q_75": 0.7349512647633674, "min": 0.6553583579952829, "max": 0.7826281220186502, "mean": 0.7084400444029597, "std": 0.03914231323068791, "repeat": 10, "number": 1}]}, "label_aggregation_benchmark.Relevance2.time_mmsr": null, "label_aggregation_benchmark.Relevance2.time_wawa": {"result": [1.5752857945044525], "stats": [{"ci_99": [1.5300672689918429, 1.7567096090060659], "q_25": 1.5519776520086452, "q_75": 1.6356237547588535, "min": 1.5300672689918429, "max": 1.7567096090060659, "mean": 1.6006916344049387, "std": 0.06931536159984013, "repeat": 10, "number": 1}]}, "label_aggregation_benchmark.Relevance2.time_zbs": {"result": [9.838392070509144], "stats": [{"ci_99": [6.13554929527163, 13.541234845746654], "q_25": 9.801363642756769, "q_75": 9.87542049826152, "min": 9.764335215004394, "max": 9.912448926013894, "mean": 9.838392070509144, "std": 0.07405685550475027, "repeat": 2, "number": 1}]}, "label_aggregation_benchmark.Relevance2.peakmem_dawid_skene": 219684864, "label_aggregation_benchmark.Relevance2.peakmem_gold_majority_vote": 197120000, "label_aggregation_benchmark.Relevance2.peakmem_majority_vote": 205942784, "label_aggregation_benchmark.Relevance2.peakmem_mmsr": null, "label_aggregation_benchmark.Relevance2.peakmem_wawa": 217239552, "label_aggregation_benchmark.Relevance2.peakmem_zbs": 226377728, "label_aggregation_benchmark.Relevance2.track_accuracy_dawid_skene": 0.8106955055064987, "label_aggregation_benchmark.Relevance2.track_accuracy_gold_majority_vote": 0.8255779343188808, "label_aggregation_benchmark.Relevance2.track_accuracy_majority_vote": 0.7763667030459371, "label_aggregation_benchmark.Relevance2.track_accuracy_mmsr": null, "label_aggregation_benchmark.Relevance2.track_accuracy_wawa": null, "label_aggregation_benchmark.Relevance2.track_accuracy_zbs": 0.7733902172834607}, "params": {"arch": "x86_64", "cpu": "Intel(R) Xeon(R) Gold 6230 CPU @ 2.10GHz", "machine": "vm", "num_cpu": "16", "os": "Linux 4.19.100-23", "ram": "16GB", "python": "3.8"}, "requirements": {}, "commit_hash": "12a86c26e1c51d5549440f40628147b38f9e9fca", "date": 1626624486000, "env_name": "virtualenv-py3.8", "python": "3.8", "profiles": {}, "started_at": {"label_aggregation_benchmark.Relevance2.time_dawid_skene": 1632296550220, "label_aggregation_benchmark.Relevance2.time_gold_majority_vote": 1632296565717, "label_aggregation_benchmark.Relevance2.time_majority_vote": 1632296572740, "label_aggregation_benchmark.Relevance2.time_mmsr": 1632296378264, "label_aggregation_benchmark.Relevance2.time_wawa": 1632296578461, "label_aggregation_benchmark.Relevance2.time_zbs": 1632296589848, "label_aggregation_benchmark.Relevance2.peakmem_dawid_skene": 1632296469614, "label_aggregation_benchmark.Relevance2.peakmem_gold_majority_vote": 1632296475486, "label_aggregation_benchmark.Relevance2.peakmem_majority_vote": 1632296476795, "label_aggregation_benchmark.Relevance2.peakmem_mmsr": 1632296477752, "label_aggregation_benchmark.Relevance2.peakmem_wawa": 1632296537924, "label_aggregation_benchmark.Relevance2.peakmem_zbs": 1632296539784, "label_aggregation_benchmark.Relevance2.track_accuracy_dawid_skene": 1632296610360, "label_aggregation_benchmark.Relevance2.track_accuracy_gold_majority_vote": 1632296615829, "label_aggregation_benchmark.Relevance2.track_accuracy_majority_vote": 1632296617137, "label_aggregation_benchmark.Relevance2.track_accuracy_mmsr": 1632296618144, "label_aggregation_benchmark.Relevance2.track_accuracy_wawa": 1632296678319, "label_aggregation_benchmark.Relevance2.track_accuracy_zbs": 1632296678624}, "ended_at": {"label_aggregation_benchmark.Relevance2.time_dawid_skene": 1632296565716, "label_aggregation_benchmark.Relevance2.time_gold_majority_vote": 1632296572740, "label_aggregation_benchmark.Relevance2.time_majority_vote": 1632296578461, "label_aggregation_benchmark.Relevance2.time_mmsr": 1632296438422, "label_aggregation_benchmark.Relevance2.time_wawa": 1632296589848, "label_aggregation_benchmark.Relevance2.time_zbs": 1632296610360, "label_aggregation_benchmark.Relevance2.peakmem_dawid_skene": 1632296475486, "label_aggregation_benchmark.Relevance2.peakmem_gold_majority_vote": 1632296476794, "label_aggregation_benchmark.Relevance2.peakmem_majority_vote": 1632296477752, "label_aggregation_benchmark.Relevance2.peakmem_mmsr": 1632296537924, "label_aggregation_benchmark.Relevance2.peakmem_wawa": 1632296539784, "label_aggregation_benchmark.Relevance2.peakmem_zbs": 1632296550220, "label_aggregation_benchmark.Relevance2.track_accuracy_dawid_skene": 1632296615829, "label_aggregation_benchmark.Relevance2.track_accuracy_gold_majority_vote": 1632296617136, "label_aggregation_benchmark.Relevance2.track_accuracy_majority_vote": 1632296618144, "label_aggregation_benchmark.Relevance2.track_accuracy_mmsr": 1632296678319, "label_aggregation_benchmark.Relevance2.track_accuracy_wawa": 1632296678624, "label_aggregation_benchmark.Relevance2.track_accuracy_zbs": 1632296689659}, "benchmark_version": {"label_aggregation_benchmark.Relevance2.time_dawid_skene": "88f5ffd9d32ebcca57bcf651a025ad2a0b691ed8678ddfdc0b7b3c3706ae2841", "label_aggregation_benchmark.Relevance2.time_gold_majority_vote": "a941271c216476d18a69aa535cadb07952260a39843740fe0e24b39da38f2b87", "label_aggregation_benchmark.Relevance2.time_majority_vote": "bf7b878a140af9efeece34d841b277f355e06580d861c68bbc83c5778d378874", "label_aggregation_benchmark.Relevance2.time_mmsr": "5571c05342e9008d9a622d1fd39aab8313ac30d57a0bbc14f8a75fdecf325ec5", "label_aggregation_benchmark.Relevance2.time_wawa": "67cb33c8ffccda0337fde361b5ada33d055cbe734f2d5e18bb3b34175e5dae45", "label_aggregation_benchmark.Relevance2.time_zbs": "439d37a43e482da76ad622b5a5a193a8f7db820344721d397e88445def4fb83e", "label_aggregation_benchmark.Relevance2.peakmem_dawid_skene": "c4518a41f907d2fdca9ec6e25a60a9b7fd53da0b1bd0118501903650bb5f1638", "label_aggregation_benchmark.Relevance2.peakmem_gold_majority_vote": "5f5916fabc3b14c3bdabc854557c7ebafca1ee9217cff4cddabc8dd5df1da65e", "label_aggregation_benchmark.Relevance2.peakmem_majority_vote": "5f7d206e231aae89f9cd72f2db890099a89e82eef9e2820a0c0d8f4e3ddb5efe", "label_aggregation_benchmark.Relevance2.peakmem_mmsr": "586fc489203a8698ebf76b1fdd33e672de89daed052f26ebc0ee51f3d2b5925c", "label_aggregation_benchmark.Relevance2.peakmem_wawa": "74851db6b519ddfce3cc70216af3da6a65142006c943caeca214b211ac785d41", "label_aggregation_benchmark.Relevance2.peakmem_zbs": "0b38906e5d5119c3c36a58dc75c41c24b4e4b0ecc614743f1618fa43fd33f108", "label_aggregation_benchmark.Relevance2.track_accuracy_dawid_skene": "7e0a657652a7e72d8cb6aef9507ae81cad50d30d418a12ad20e99c3d3c50ef1a", "label_aggregation_benchmark.Relevance2.track_accuracy_gold_majority_vote": "69bd13cf276103040ca16849ee8bdec6c75438df3e592dd47e03e7d129c76a5d", "label_aggregation_benchmark.Relevance2.track_accuracy_majority_vote": "7916e4d5988a8dcb77986cebe3cfbced48c6f347e996ee2048a11a02eac51ada", "label_aggregation_benchmark.Relevance2.track_accuracy_mmsr": "860fd1d24b3cc508a9f9d2c2e0a54b6545bd630b580f2595b093bb9b15592b36",