{"results": {"label_aggregation_benchmark.Relevance2.time_dawid_skene": {"result": [5.091539500499493], "stats": [{"ci_99": [1.7292255259962985, 8.453853475002685], "q_25": 5.0579163607544615, "q_75": 5.125162640244525, "min": 5.0242932210094295, "max": 5.158785779989557, "mean": 5.091539500499493, "std": 0.0672462794900639, "repeat": 2, "number": 1}]}, "label_aggregation_benchmark.Relevance2.time_gold_majority_vote": {"result": [0.9148132845002692], "stats": [{"ci_99": [0.8807891419855878, 0.9742258729820605], "q_25": 0.9052873969994835, "q_75": 0.9222823085219716, "min": 0.8807891419855878, "max": 0.9742258729820605, "mean": 0.9159189425990917, "std": 0.024104698651219277, "repeat": 10, "number": 1}]}, "label_aggregation_benchmark.Relevance2.time_majority_vote": {"result": [0.7311405234941049], "stats": [{"ci_99": [0.6476477850228548, 0.816009872010909], "q_25": 0.709157265999238, "q_75": 0.7600846367495251, "min": 0.6476477850228548, "max": 0.816009872010909, "mean": 0.7319118109007832, "std": 0.0435638976908467, "repeat": 10, "number": 1}]}, "label_aggregation_benchmark.Relevance2.time_mmsr": null, "label_aggregation_benchmark.Relevance2.time_wawa": {"result": [1.707197975498275], "stats": [{"ci_99": [1.5979236120183486, 1.7659341029939242], "q_25": 1.6522259045013925, "q_75": 1.7175089709926397, "min": 1.5979236120183486, "max": 1.7659341029939242, "mean": 1.6891682218993083, "std": 0.04810459178997245, "repeat": 10, "number": 1}]}, "label_aggregation_benchmark.Relevance2.time_zbs": {"result": [10.441115109002567], "stats": [{"ci_99": [-9.558362490774016, 30.440592708779132], "q_25": 10.241120333004801, "q_75": 10.641109885000333, "min": 10.041125557007035, "max": 10.841104660998099, "mean": 10.441115109002567, "std": 0.39998955199553166, "repeat": 2, "number": 1}]}, "label_aggregation_benchmark.Relevance2.peakmem_dawid_skene": 219467776, "label_aggregation_benchmark.Relevance2.peakmem_gold_majority_vote": 196943872, "label_aggregation_benchmark.Relevance2.peakmem_majority_vote": 205680640, "label_aggregation_benchmark.Relevance2.peakmem_mmsr": null, "label_aggregation_benchmark.Relevance2.peakmem_wawa": 217468928, "label_aggregation_benchmark.Relevance2.peakmem_zbs": 226193408, "label_aggregation_benchmark.Relevance2.track_accuracy_dawid_skene": 0.8106955055064987, "label_aggregation_benchmark.Relevance2.track_accuracy_gold_majority_vote": 0.8255779343188808, "label_aggregation_benchmark.Relevance2.track_accuracy_majority_vote": 0.7763667030459371, "label_aggregation_benchmark.Relevance2.track_accuracy_mmsr": null, "label_aggregation_benchmark.Relevance2.track_accuracy_wawa": null, "label_aggregation_benchmark.Relevance2.track_accuracy_zbs": 0.7733902172834607}, "params": {"arch": "x86_64", "cpu": "Intel(R) Xeon(R) Gold 6230 CPU @ 2.10GHz", "machine": "vm", "num_cpu": "16", "os": "Linux 4.19.100-23", "ram": "16GB", "python": "3.8"}, "requirements": {}, "commit_hash": "1c1625d59454a579ad84236f896081bccd363671", "date": 1623833966000, "env_name": "virtualenv-py3.8", "python": "3.8", "profiles": {}, "started_at": {"label_aggregation_benchmark.Relevance2.time_dawid_skene": 1632297903010, "label_aggregation_benchmark.Relevance2.time_gold_majority_vote": 1632297913842, "label_aggregation_benchmark.Relevance2.time_majority_vote": 1632297920763, "label_aggregation_benchmark.Relevance2.time_mmsr": 1632297725897, "label_aggregation_benchmark.Relevance2.time_wawa": 1632297926432, "label_aggregation_benchmark.Relevance2.time_zbs": 1632297937713, "label_aggregation_benchmark.Relevance2.peakmem_dawid_skene": 1632297821018, "label_aggregation_benchmark.Relevance2.peakmem_gold_majority_vote": 1632297826938, "label_aggregation_benchmark.Relevance2.peakmem_majority_vote": 1632297828196, "label_aggregation_benchmark.Relevance2.peakmem_mmsr": 1632297829303, "label_aggregation_benchmark.Relevance2.peakmem_wawa": 1632297889468, "label_aggregation_benchmark.Relevance2.peakmem_zbs": 1632297891527, "label_aggregation_benchmark.Relevance2.track_accuracy_dawid_skene": 1632297958820, "label_aggregation_benchmark.Relevance2.track_accuracy_gold_majority_vote": 1632297964588, "label_aggregation_benchmark.Relevance2.track_accuracy_majority_vote": 1632297965895, "label_aggregation_benchmark.Relevance2.track_accuracy_mmsr": 1632297966902, "label_aggregation_benchmark.Relevance2.track_accuracy_wawa": 1632298027064, "label_aggregation_benchmark.Relevance2.track_accuracy_zbs": 1632298027319}, "ended_at": {"label_aggregation_benchmark.Relevance2.time_dawid_skene": 1632297913842, "label_aggregation_benchmark.Relevance2.time_gold_majority_vote": 1632297920763, "label_aggregation_benchmark.Relevance2.time_majority_vote": 1632297926431, "label_aggregation_benchmark.Relevance2.time_mmsr": 1632297786111, "label_aggregation_benchmark.Relevance2.time_wawa": 1632297937713, "label_aggregation_benchmark.Relevance2.time_zbs": 1632297958820, "label_aggregation_benchmark.Relevance2.peakmem_dawid_skene": 1632297826937, "label_aggregation_benchmark.Relevance2.peakmem_gold_majority_vote": 1632297828195, "label_aggregation_benchmark.Relevance2.peakmem_majority_vote": 1632297829303, "label_aggregation_benchmark.Relevance2.peakmem_mmsr": 1632297889468, "label_aggregation_benchmark.Relevance2.peakmem_wawa": 1632297891527, "label_aggregation_benchmark.Relevance2.peakmem_zbs": 1632297903010, "label_aggregation_benchmark.Relevance2.track_accuracy_dawid_skene": 1632297964588, "label_aggregation_benchmark.Relevance2.track_accuracy_gold_majority_vote": 1632297965895, "label_aggregation_benchmark.Relevance2.track_accuracy_majority_vote": 1632297966901, "label_aggregation_benchmark.Relevance2.track_accuracy_mmsr": 1632298027064, "label_aggregation_benchmark.Relevance2.track_accuracy_wawa": 1632298027318, "label_aggregation_benchmark.Relevance2.track_accuracy_zbs": 1632298038100}, "benchmark_version": {"label_aggregation_benchmark.Relevance2.time_dawid_skene": "88f5ffd9d32ebcca57bcf651a025ad2a0b691ed8678ddfdc0b7b3c3706ae2841", "label_aggregation_benchmark.Relevance2.time_gold_majority_vote": "a941271c216476d18a69aa535cadb07952260a39843740fe0e24b39da38f2b87", "label_aggregation_benchmark.Relevance2.time_majority_vote": "bf7b878a140af9efeece34d841b277f355e06580d861c68bbc83c5778d378874", "label_aggregation_benchmark.Relevance2.time_mmsr": "5571c05342e9008d9a622d1fd39aab8313ac30d57a0bbc14f8a75fdecf325ec5", "label_aggregation_benchmark.Relevance2.time_wawa": "67cb33c8ffccda0337fde361b5ada33d055cbe734f2d5e18bb3b34175e5dae45", "label_aggregation_benchmark.Relevance2.time_zbs": "439d37a43e482da76ad622b5a5a193a8f7db820344721d397e88445def4fb83e", "label_aggregation_benchmark.Relevance2.peakmem_dawid_skene": "c4518a41f907d2fdca9ec6e25a60a9b7fd53da0b1bd0118501903650bb5f1638", "label_aggregation_benchmark.Relevance2.peakmem_gold_majority_vote": "5f5916fabc3b14c3bdabc854557c7ebafca1ee9217cff4cddabc8dd5df1da65e", "label_aggregation_benchmark.Relevance2.peakmem_majority_vote": "5f7d206e231aae89f9cd72f2db890099a89e82eef9e2820a0c0d8f4e3ddb5efe", "label_aggregation_benchmark.Relevance2.peakmem_mmsr": "586fc489203a8698ebf76b1fdd33e672de89daed052f26ebc0ee51f3d2b5925c", "label_aggregation_benchmark.Relevance2.peakmem_wawa": "74851db6b519ddfce3cc70216af3da6a65142006c943caeca214b211ac785d41", "label_aggregation_benchmark.Relevance2.peakmem_zbs": "0b38906e5d5119c3c36a58dc75c41c24b4e4b0ecc614743f1618fa43fd33f108", "label_aggregation_benchmark.Relevance2.track_accuracy_dawid_skene": "7e0a657652a7e72d8cb6aef9507ae81cad50d30d418a12ad20e99c3d3c50ef1a", "label_aggregation_benchmark.Relevance2.track_accuracy_gold_majority_vote": "69bd13cf276103040ca16849ee8bdec6c75438df3e592dd47e03e7d129c76a5d", "label_aggregation_benchmark.Relevance2.track_accuracy_majority_vote": "7916e4d5988a8dcb77986cebe3cfbced48c6f347e996ee2048a11a02eac51ada", "label_aggregation_benchmark.Relevance2.track_accuracy_mmsr": "860fd1d24b3cc508a9f9d2c2e0a54b6545bd630b580f2595b093bb9b15592b36",