{"results": {"label_aggregation_benchmark.Relevance2.time_dawid_skene": {"result": [5.058445943999686], "stats": [{"ci_99": [3.115426493153791, 7.00146539484558], "q_25": 5.039015749491227, "q_75": 5.077876138508145, "min": 5.019585554982768, "max": 5.097306333016604, "mean": 5.058445943999686, "std": 0.03886038901691791, "repeat": 2, "number": 1}]}, "label_aggregation_benchmark.Relevance2.time_gold_majority_vote": {"result": [0.8870383100002073], "stats": [{"ci_99": [0.8581502510060091, 1.0512445729982574], "q_25": 0.8789988970092963, "q_75": 0.8928279812607798, "min": 0.8581502510060091, "max": 1.0512445729982574, "mean": 0.8997055724001257, "std": 0.051543404194314926, "repeat": 10, "number": 1}]}, "label_aggregation_benchmark.Relevance2.time_majority_vote": {"result": [0.6692085149988998], "stats": [{"ci_99": [0.6101967869908549, 0.7282554460107349], "q_25": 0.643061253002088, "q_75": 0.6850379302632064, "min": 0.6101967869908549, "max": 0.7282554460107349, "mean": 0.6673277131019859, "std": 0.03294999158753667, "repeat": 10, "number": 1}]}, "label_aggregation_benchmark.Relevance2.time_mmsr": null, "label_aggregation_benchmark.Relevance2.time_wawa": {"result": [1.6506690239912132], "stats": [{"ci_99": [1.6249854630150367, 1.7013833259989042], "q_25": 1.6454653002583655, "q_75": 1.6766742387480917, "min": 1.6249854630150367, "max": 1.7013833259989042, "mean": 1.6588187443005153, "std": 0.023898240533980854, "repeat": 10, "number": 1}]}, "label_aggregation_benchmark.Relevance2.time_zbs": {"result": [9.97627161499986], "stats": [{"ci_99": [6.046968714639661, 13.905574515360055], "q_25": 9.936978585996258, "q_75": 10.015564644003462, "min": 9.897685556992656, "max": 10.054857673007064, "mean": 9.97627161499986, "std": 0.07858605800720397, "repeat": 2, "number": 1}]}, "label_aggregation_benchmark.Relevance2.peakmem_dawid_skene": 219856896, "label_aggregation_benchmark.Relevance2.peakmem_gold_majority_vote": 196759552, "label_aggregation_benchmark.Relevance2.peakmem_majority_vote": 206442496, "label_aggregation_benchmark.Relevance2.peakmem_mmsr": null, "label_aggregation_benchmark.Relevance2.peakmem_wawa": 217862144, "label_aggregation_benchmark.Relevance2.peakmem_zbs": 226807808, "label_aggregation_benchmark.Relevance2.track_accuracy_dawid_skene": 0.8106955055064987, "label_aggregation_benchmark.Relevance2.track_accuracy_gold_majority_vote": 0.8255779343188808, "label_aggregation_benchmark.Relevance2.track_accuracy_majority_vote": 0.7763667030459371, "label_aggregation_benchmark.Relevance2.track_accuracy_mmsr": null, "label_aggregation_benchmark.Relevance2.track_accuracy_wawa": null, "label_aggregation_benchmark.Relevance2.track_accuracy_zbs": 0.7733902172834607}, "params": {"arch": "x86_64", "cpu": "Intel(R) Xeon(R) Gold 6230 CPU @ 2.10GHz", "machine": "vm", "num_cpu": "16", "os": "Linux 4.19.100-23", "ram": "16GB", "python": "3.8"}, "requirements": {}, "commit_hash": "2cd772bf1e7f24fc452e2fea4cb9a12f60383e5a", "date": 1630615245000, "env_name": "virtualenv-py3.8", "python": "3.8", "profiles": {}, "started_at": {"label_aggregation_benchmark.Relevance2.time_dawid_skene": 1632295882830, "label_aggregation_benchmark.Relevance2.time_gold_majority_vote": 1632295893666, "label_aggregation_benchmark.Relevance2.time_majority_vote": 1632295900491, "label_aggregation_benchmark.Relevance2.time_mmsr": 1632295709501, "label_aggregation_benchmark.Relevance2.time_wawa": 1632295905762, "label_aggregation_benchmark.Relevance2.time_zbs": 1632295917300, "label_aggregation_benchmark.Relevance2.peakmem_dawid_skene": 1632295801919, "label_aggregation_benchmark.Relevance2.peakmem_gold_majority_vote": 1632295807590, "label_aggregation_benchmark.Relevance2.peakmem_majority_vote": 1632295808850, "label_aggregation_benchmark.Relevance2.peakmem_mmsr": 1632295809859, "label_aggregation_benchmark.Relevance2.peakmem_wawa": 1632295870031, "label_aggregation_benchmark.Relevance2.peakmem_zbs": 1632295871944, "label_aggregation_benchmark.Relevance2.track_accuracy_dawid_skene": 1632295938721, "label_aggregation_benchmark.Relevance2.track_accuracy_gold_majority_vote": 1632295944141, "label_aggregation_benchmark.Relevance2.track_accuracy_majority_vote": 1632295945448, "label_aggregation_benchmark.Relevance2.track_accuracy_mmsr": 1632295946504, "label_aggregation_benchmark.Relevance2.track_accuracy_wawa": 1632296006665, "label_aggregation_benchmark.Relevance2.track_accuracy_zbs": 1632296006970}, "ended_at": {"label_aggregation_benchmark.Relevance2.time_dawid_skene": 1632295893666, "label_aggregation_benchmark.Relevance2.time_gold_majority_vote": 1632295900490, "label_aggregation_benchmark.Relevance2.time_majority_vote": 1632295905761, "label_aggregation_benchmark.Relevance2.time_mmsr": 1632295769672, "label_aggregation_benchmark.Relevance2.time_wawa": 1632295917300, "label_aggregation_benchmark.Relevance2.time_zbs": 1632295938720, "label_aggregation_benchmark.Relevance2.peakmem_dawid_skene": 1632295807590, "label_aggregation_benchmark.Relevance2.peakmem_gold_majority_vote": 1632295808850, "label_aggregation_benchmark.Relevance2.peakmem_majority_vote": 1632295809859, "label_aggregation_benchmark.Relevance2.peakmem_mmsr": 1632295870031, "label_aggregation_benchmark.Relevance2.peakmem_wawa": 1632295871944, "label_aggregation_benchmark.Relevance2.peakmem_zbs": 1632295882830, "label_aggregation_benchmark.Relevance2.track_accuracy_dawid_skene": 1632295944141, "label_aggregation_benchmark.Relevance2.track_accuracy_gold_majority_vote": 1632295945448, "label_aggregation_benchmark.Relevance2.track_accuracy_majority_vote": 1632295946504, "label_aggregation_benchmark.Relevance2.track_accuracy_mmsr": 1632296006665, "label_aggregation_benchmark.Relevance2.track_accuracy_wawa": 1632296006970, "label_aggregation_benchmark.Relevance2.track_accuracy_zbs": 1632296018208}, "benchmark_version": {"label_aggregation_benchmark.Relevance2.time_dawid_skene": "88f5ffd9d32ebcca57bcf651a025ad2a0b691ed8678ddfdc0b7b3c3706ae2841", "label_aggregation_benchmark.Relevance2.time_gold_majority_vote": "a941271c216476d18a69aa535cadb07952260a39843740fe0e24b39da38f2b87", "label_aggregation_benchmark.Relevance2.time_majority_vote": "bf7b878a140af9efeece34d841b277f355e06580d861c68bbc83c5778d378874", "label_aggregation_benchmark.Relevance2.time_mmsr": "5571c05342e9008d9a622d1fd39aab8313ac30d57a0bbc14f8a75fdecf325ec5", "label_aggregation_benchmark.Relevance2.time_wawa": "67cb33c8ffccda0337fde361b5ada33d055cbe734f2d5e18bb3b34175e5dae45", "label_aggregation_benchmark.Relevance2.time_zbs": "439d37a43e482da76ad622b5a5a193a8f7db820344721d397e88445def4fb83e", "label_aggregation_benchmark.Relevance2.peakmem_dawid_skene": "c4518a41f907d2fdca9ec6e25a60a9b7fd53da0b1bd0118501903650bb5f1638", "label_aggregation_benchmark.Relevance2.peakmem_gold_majority_vote": "5f5916fabc3b14c3bdabc854557c7ebafca1ee9217cff4cddabc8dd5df1da65e", "label_aggregation_benchmark.Relevance2.peakmem_majority_vote": "5f7d206e231aae89f9cd72f2db890099a89e82eef9e2820a0c0d8f4e3ddb5efe", "label_aggregation_benchmark.Relevance2.peakmem_mmsr": "586fc489203a8698ebf76b1fdd33e672de89daed052f26ebc0ee51f3d2b5925c", "label_aggregation_benchmark.Relevance2.peakmem_wawa": "74851db6b519ddfce3cc70216af3da6a65142006c943caeca214b211ac785d41", "label_aggregation_benchmark.Relevance2.peakmem_zbs": "0b38906e5d5119c3c36a58dc75c41c24b4e4b0ecc614743f1618fa43fd33f108", "label_aggregation_benchmark.Relevance2.track_accuracy_dawid_skene": "7e0a657652a7e72d8cb6aef9507ae81cad50d30d418a12ad20e99c3d3c50ef1a", "label_aggregation_benchmark.Relevance2.track_accuracy_gold_majority_vote": "69bd13cf276103040ca16849ee8bdec6c75438df3e592dd47e03e7d129c76a5d", "label_aggregation_benchmark.Relevance2.track_accuracy_majority_vote": "7916e4d5988a8dcb77986cebe3cfbced48c6f347e996ee2048a11a02eac51ada", "label_aggregation_benchmark.Relevance2.track_accuracy_mmsr": "860fd1d24b3cc508a9f9d2c2e0a54b6545bd630b580f2595b093bb9b15592b36",