{"results": {"label_aggregation_benchmark.Relevance2.time_dawid_skene": {"result": [4.907846115500433], "stats": [{"ci_99": [4.259093840508285, 5.556598390492581], "q_25": 4.901358592750512, "q_75": 4.914333638250355, "min": 4.89487107000059, "max": 4.920821161000276, "mean": 4.907846115500433, "std": 0.012975045499842963, "repeat": 2, "number": 1}]}, "label_aggregation_benchmark.Relevance2.time_gold_majority_vote": {"result": [0.8788633624994873], "stats": [{"ci_99": [0.8284426669997629, 0.9749920320000456], "q_25": 0.8573017344997425, "q_75": 0.9108511332497073, "min": 0.8284426669997629, "max": 0.9749920320000456, "mean": 0.8833275601998138, "std": 0.042893544072618334, "repeat": 10, "number": 1}]}, "label_aggregation_benchmark.Relevance2.time_majority_vote": {"result": [0.6507685460001085], "stats": [{"ci_99": [0.6026566129994535, 0.6978646179995849], "q_25": 0.6188849395000489, "q_75": 0.665205892250242, "min": 0.6026566129994535, "max": 0.6978646179995849, "mean": 0.6453911073999734, "std": 0.029422412872845017, "repeat": 10, "number": 1}]}, "label_aggregation_benchmark.Relevance2.time_mmsr": null, "label_aggregation_benchmark.Relevance2.time_wawa": {"result": [1.6317516570002226], "stats": [{"ci_99": [1.581031508999331, 1.7447034770002574], "q_25": 1.5952334430003248, "q_75": 1.6760097765002229, "min": 1.581031508999331, "max": 1.7447034770002574, "mean": 1.6436112080002203, "std": 0.052728410343644325, "repeat": 10, "number": 1}]}, "label_aggregation_benchmark.Relevance2.time_zbs": {"result": [10.003996312500021], "stats": [{"ci_99": [7.574863987494609, 12.433128637505432], "q_25": 9.979704989249967, "q_75": 10.028287635750075, "min": 9.955413665999913, "max": 10.05257895900013, "mean": 10.003996312500021, "std": 0.04858264650010824, "repeat": 2, "number": 1}]}, "label_aggregation_benchmark.Relevance2.peakmem_dawid_skene": 219742208, "label_aggregation_benchmark.Relevance2.peakmem_gold_majority_vote": 196784128, "label_aggregation_benchmark.Relevance2.peakmem_majority_vote": 206565376, "label_aggregation_benchmark.Relevance2.peakmem_mmsr": null, "label_aggregation_benchmark.Relevance2.peakmem_wawa": 217993216, "label_aggregation_benchmark.Relevance2.peakmem_zbs": 226832384, "label_aggregation_benchmark.Relevance2.track_accuracy_dawid_skene": 0.8106955055064987, "label_aggregation_benchmark.Relevance2.track_accuracy_gold_majority_vote": 0.8255779343188808, "label_aggregation_benchmark.Relevance2.track_accuracy_majority_vote": 0.7763667030459371, "label_aggregation_benchmark.Relevance2.track_accuracy_mmsr": null, "label_aggregation_benchmark.Relevance2.track_accuracy_wawa": null, "label_aggregation_benchmark.Relevance2.track_accuracy_zbs": 0.7733902172834607}, "params": {"arch": "x86_64", "cpu": "Intel(R) Xeon(R) Gold 6230 CPU @ 2.10GHz", "machine": "sinosov-vm.sas.yp-c.yandex.net", "num_cpu": "16", "os": "Linux 4.19.100-23", "ram": "16GB", "python": "3.8"}, "requirements": {}, "commit_hash": "2cd772bf1e7f24fc452e2fea4cb9a12f60383e5a", "date": 1630615245000, "env_name": "virtualenv-py3.8", "python": "3.8", "profiles": {}, "started_at": {"label_aggregation_benchmark.Relevance2.time_dawid_skene": 1632148506165, "label_aggregation_benchmark.Relevance2.time_gold_majority_vote": 1632148516648, "label_aggregation_benchmark.Relevance2.time_majority_vote": 1632148523171, "label_aggregation_benchmark.Relevance2.time_mmsr": 1632148332989, "label_aggregation_benchmark.Relevance2.time_wawa": 1632148528439, "label_aggregation_benchmark.Relevance2.time_zbs": 1632148539523, "label_aggregation_benchmark.Relevance2.peakmem_dawid_skene": 1632148425904, "label_aggregation_benchmark.Relevance2.peakmem_gold_majority_vote": 1632148431425, "label_aggregation_benchmark.Relevance2.peakmem_majority_vote": 1632148432733, "label_aggregation_benchmark.Relevance2.peakmem_mmsr": 1632148433691, "label_aggregation_benchmark.Relevance2.peakmem_wawa": 1632148493869, "label_aggregation_benchmark.Relevance2.peakmem_zbs": 1632148495681, "label_aggregation_benchmark.Relevance2.track_accuracy_dawid_skene": 1632148559933, "label_aggregation_benchmark.Relevance2.track_accuracy_gold_majority_vote": 1632148565551, "label_aggregation_benchmark.Relevance2.track_accuracy_majority_vote": 1632148566806, "label_aggregation_benchmark.Relevance2.track_accuracy_mmsr": 1632148567912, "label_aggregation_benchmark.Relevance2.track_accuracy_wawa": 1632148628078, "label_aggregation_benchmark.Relevance2.track_accuracy_zbs": 1632148628382}, "ended_at": {"label_aggregation_benchmark.Relevance2.time_dawid_skene": 1632148516648, "label_aggregation_benchmark.Relevance2.time_gold_majority_vote": 1632148523171, "label_aggregation_benchmark.Relevance2.time_majority_vote": 1632148528439, "label_aggregation_benchmark.Relevance2.time_mmsr": 1632148393152, "label_aggregation_benchmark.Relevance2.time_wawa": 1632148539523, "label_aggregation_benchmark.Relevance2.time_zbs": 1632148559933, "label_aggregation_benchmark.Relevance2.peakmem_dawid_skene": 1632148431425, "label_aggregation_benchmark.Relevance2.peakmem_gold_majority_vote": 1632148432733, "label_aggregation_benchmark.Relevance2.peakmem_majority_vote": 1632148433691, "label_aggregation_benchmark.Relevance2.peakmem_mmsr": 1632148493869, "label_aggregation_benchmark.Relevance2.peakmem_wawa": 1632148495680, "label_aggregation_benchmark.Relevance2.peakmem_zbs": 1632148506164, "label_aggregation_benchmark.Relevance2.track_accuracy_dawid_skene": 1632148565550, "label_aggregation_benchmark.Relevance2.track_accuracy_gold_majority_vote": 1632148566806, "label_aggregation_benchmark.Relevance2.track_accuracy_majority_vote": 1632148567912, "label_aggregation_benchmark.Relevance2.track_accuracy_mmsr": 1632148628078, "label_aggregation_benchmark.Relevance2.track_accuracy_wawa": 1632148628382, "label_aggregation_benchmark.Relevance2.track_accuracy_zbs": 1632148639112}, "benchmark_version": {"label_aggregation_benchmark.Relevance2.time_dawid_skene": "88f5ffd9d32ebcca57bcf651a025ad2a0b691ed8678ddfdc0b7b3c3706ae2841", "label_aggregation_benchmark.Relevance2.time_gold_majority_vote": "a941271c216476d18a69aa535cadb07952260a39843740fe0e24b39da38f2b87", "label_aggregation_benchmark.Relevance2.time_majority_vote": "bf7b878a140af9efeece34d841b277f355e06580d861c68bbc83c5778d378874", "label_aggregation_benchmark.Relevance2.time_mmsr": "5571c05342e9008d9a622d1fd39aab8313ac30d57a0bbc14f8a75fdecf325ec5", "label_aggregation_benchmark.Relevance2.time_wawa": "67cb33c8ffccda0337fde361b5ada33d055cbe734f2d5e18bb3b34175e5dae45", "label_aggregation_benchmark.Relevance2.time_zbs": "439d37a43e482da76ad622b5a5a193a8f7db820344721d397e88445def4fb83e", "label_aggregation_benchmark.Relevance2.peakmem_dawid_skene": "c4518a41f907d2fdca9ec6e25a60a9b7fd53da0b1bd0118501903650bb5f1638", "label_aggregation_benchmark.Relevance2.peakmem_gold_majority_vote": "5f5916fabc3b14c3bdabc854557c7ebafca1ee9217cff4cddabc8dd5df1da65e", "label_aggregation_benchmark.Relevance2.peakmem_majority_vote": "5f7d206e231aae89f9cd72f2db890099a89e82eef9e2820a0c0d8f4e3ddb5efe", "label_aggregation_benchmark.Relevance2.peakmem_mmsr": "586fc489203a8698ebf76b1fdd33e672de89daed052f26ebc0ee51f3d2b5925c", "label_aggregation_benchmark.Relevance2.peakmem_wawa": "74851db6b519ddfce3cc70216af3da6a65142006c943caeca214b211ac785d41", "label_aggregation_benchmark.Relevance2.peakmem_zbs": "0b38906e5d5119c3c36a58dc75c41c24b4e4b0ecc614743f1618fa43fd33f108", "label_aggregation_benchmark.Relevance2.track_accuracy_dawid_skene": "7e0a657652a7e72d8cb6aef9507ae81cad50d30d418a12ad20e99c3d3c50ef1a", "label_aggregation_benchmark.Relevance2.track_accuracy_gold_majority_vote": "69bd13cf276103040ca16849ee8bdec6c75438df3e592dd47e03e7d129c76a5d", "label_aggregation_benchmark.Relevance2.track_accuracy_majority_vote": "7916e4d5988a8dcb77986cebe3cfbced48c6f347e996ee2048a11a02eac51ada", "label_aggregation_benchmark.Relevance2.track_accuracy_mmsr": "860fd1d24b3cc508a9f9d2c2e0a54b6545bd630b580f2595b093bb9b15592b36",