{"results": {"label_aggregation_benchmark.Relevance2.time_dawid_skene": {"result": [5.027032754499942], "stats": [{"ci_99": [-3.8595854704831254, 13.913650979483002], "q_25": 4.938166572250111, "q_75": 5.1158989367497725, "min": 4.8493003900002805, "max": 5.204765118999603, "mean": 5.027032754499942, "std": 0.17773236449966134, "repeat": 2, "number": 1}]}, "label_aggregation_benchmark.Relevance2.time_gold_majority_vote": {"result": [0.8737035630001628], "stats": [{"ci_99": [0.7936795230007192, 1.023791128999619], "q_25": 0.82770327250023, "q_75": 0.943004545249778, "min": 0.7936795230007192, "max": 1.023791128999619, "mean": 0.890399209699899, "std": 0.07575213567777701, "repeat": 10, "number": 1}]}, "label_aggregation_benchmark.Relevance2.time_majority_vote": {"result": [0.6717739374998928], "stats": [{"ci_99": [0.5927304480001112, 0.7623082509999222], "q_25": 0.6583318032496663, "q_75": 0.735799871500376, "min": 0.5927304480001112, "max": 0.7623082509999222, "mean": 0.6874715331001425, "std": 0.051389879488836276, "repeat": 10, "number": 1}]}, "label_aggregation_benchmark.Relevance2.time_mmsr": null, "label_aggregation_benchmark.Relevance2.time_wawa": {"result": [1.500546239000414], "stats": [{"ci_99": [1.407168408999496, 1.6386285670005236], "q_25": 1.466341306250115, "q_75": 1.5512083107500985, "min": 1.407168408999496, "max": 1.6386285670005236, "mean": 1.5076734725001188, "std": 0.06751780559175549, "repeat": 10, "number": 1}]}, "label_aggregation_benchmark.Relevance2.time_zbs": {"result": [9.567901204999998], "stats": [{"ci_99": [-21.637516544993105, 40.77331895499307], "q_25": 9.255847027500067, "q_75": 9.87995538249993, "min": 8.943792850000136, "max": 10.19200955999986, "mean": 9.567901204999998, "std": 0.6241083549998621, "repeat": 2, "number": 1}]}, "label_aggregation_benchmark.Relevance2.peakmem_dawid_skene": 219455488, "label_aggregation_benchmark.Relevance2.peakmem_gold_majority_vote": 196972544, "label_aggregation_benchmark.Relevance2.peakmem_majority_vote": 206094336, "label_aggregation_benchmark.Relevance2.peakmem_mmsr": null, "label_aggregation_benchmark.Relevance2.peakmem_wawa": 217509888, "label_aggregation_benchmark.Relevance2.peakmem_zbs": 226304000, "label_aggregation_benchmark.Relevance2.track_accuracy_dawid_skene": 0.8106955055064987, "label_aggregation_benchmark.Relevance2.track_accuracy_gold_majority_vote": 0.8255779343188808, "label_aggregation_benchmark.Relevance2.track_accuracy_majority_vote": 0.7763667030459371, "label_aggregation_benchmark.Relevance2.track_accuracy_mmsr": null, "label_aggregation_benchmark.Relevance2.track_accuracy_wawa": null, "label_aggregation_benchmark.Relevance2.track_accuracy_zbs": 0.7733902172834607}, "params": {"arch": "x86_64", "cpu": "Intel(R) Xeon(R) Gold 6230 CPU @ 2.10GHz", "machine": "sinosov-vm.sas.yp-c.yandex.net", "num_cpu": "16", "os": "Linux 4.19.100-23", "ram": "16GB", "python": "3.8"}, "requirements": {}, "commit_hash": "396b48aca9e1fdd46ea80cc1712ae4744bdf42d1", "date": 1629302137000, "env_name": "virtualenv-py3.8", "python": "3.8", "profiles": {}, "started_at": {"label_aggregation_benchmark.Relevance2.time_dawid_skene": 1632148835071, "label_aggregation_benchmark.Relevance2.time_gold_majority_vote": 1632148845754, "label_aggregation_benchmark.Relevance2.time_majority_vote": 1632148851975, "label_aggregation_benchmark.Relevance2.time_mmsr": 1632148666242, "label_aggregation_benchmark.Relevance2.time_wawa": 1632148857142, "label_aggregation_benchmark.Relevance2.time_zbs": 1632148867776, "label_aggregation_benchmark.Relevance2.peakmem_dawid_skene": 1632148755435, "label_aggregation_benchmark.Relevance2.peakmem_gold_majority_vote": 1632148760503, "label_aggregation_benchmark.Relevance2.peakmem_majority_vote": 1632148761710, "label_aggregation_benchmark.Relevance2.peakmem_mmsr": 1632148762666, "label_aggregation_benchmark.Relevance2.peakmem_wawa": 1632148822829, "label_aggregation_benchmark.Relevance2.peakmem_zbs": 1632148824887, "label_aggregation_benchmark.Relevance2.track_accuracy_dawid_skene": 1632148888734, "label_aggregation_benchmark.Relevance2.track_accuracy_gold_majority_vote": 1632148894302, "label_aggregation_benchmark.Relevance2.track_accuracy_majority_vote": 1632148895609, "label_aggregation_benchmark.Relevance2.track_accuracy_mmsr": 1632148896665, "label_aggregation_benchmark.Relevance2.track_accuracy_wawa": 1632148956829, "label_aggregation_benchmark.Relevance2.track_accuracy_zbs": 1632148957083}, "ended_at": {"label_aggregation_benchmark.Relevance2.time_dawid_skene": 1632148845754, "label_aggregation_benchmark.Relevance2.time_gold_majority_vote": 1632148851974, "label_aggregation_benchmark.Relevance2.time_majority_vote": 1632148857141, "label_aggregation_benchmark.Relevance2.time_mmsr": 1632148726350, "label_aggregation_benchmark.Relevance2.time_wawa": 1632148867776, "label_aggregation_benchmark.Relevance2.time_zbs": 1632148888734, "label_aggregation_benchmark.Relevance2.peakmem_dawid_skene": 1632148760503, "label_aggregation_benchmark.Relevance2.peakmem_gold_majority_vote": 1632148761710, "label_aggregation_benchmark.Relevance2.peakmem_majority_vote": 1632148762666, "label_aggregation_benchmark.Relevance2.peakmem_mmsr": 1632148822829, "label_aggregation_benchmark.Relevance2.peakmem_wawa": 1632148824887, "label_aggregation_benchmark.Relevance2.peakmem_zbs": 1632148835071, "label_aggregation_benchmark.Relevance2.track_accuracy_dawid_skene": 1632148894302, "label_aggregation_benchmark.Relevance2.track_accuracy_gold_majority_vote": 1632148895608, "label_aggregation_benchmark.Relevance2.track_accuracy_majority_vote": 1632148896665, "label_aggregation_benchmark.Relevance2.track_accuracy_mmsr": 1632148956828, "label_aggregation_benchmark.Relevance2.track_accuracy_wawa": 1632148957083, "label_aggregation_benchmark.Relevance2.track_accuracy_zbs": 1632148968518}, "benchmark_version": {"label_aggregation_benchmark.Relevance2.time_dawid_skene": "88f5ffd9d32ebcca57bcf651a025ad2a0b691ed8678ddfdc0b7b3c3706ae2841", "label_aggregation_benchmark.Relevance2.time_gold_majority_vote": "a941271c216476d18a69aa535cadb07952260a39843740fe0e24b39da38f2b87", "label_aggregation_benchmark.Relevance2.time_majority_vote": "bf7b878a140af9efeece34d841b277f355e06580d861c68bbc83c5778d378874", "label_aggregation_benchmark.Relevance2.time_mmsr": "5571c05342e9008d9a622d1fd39aab8313ac30d57a0bbc14f8a75fdecf325ec5", "label_aggregation_benchmark.Relevance2.time_wawa": "67cb33c8ffccda0337fde361b5ada33d055cbe734f2d5e18bb3b34175e5dae45", "label_aggregation_benchmark.Relevance2.time_zbs": "439d37a43e482da76ad622b5a5a193a8f7db820344721d397e88445def4fb83e", "label_aggregation_benchmark.Relevance2.peakmem_dawid_skene": "c4518a41f907d2fdca9ec6e25a60a9b7fd53da0b1bd0118501903650bb5f1638", "label_aggregation_benchmark.Relevance2.peakmem_gold_majority_vote": "5f5916fabc3b14c3bdabc854557c7ebafca1ee9217cff4cddabc8dd5df1da65e", "label_aggregation_benchmark.Relevance2.peakmem_majority_vote": "5f7d206e231aae89f9cd72f2db890099a89e82eef9e2820a0c0d8f4e3ddb5efe", "label_aggregation_benchmark.Relevance2.peakmem_mmsr": "586fc489203a8698ebf76b1fdd33e672de89daed052f26ebc0ee51f3d2b5925c", "label_aggregation_benchmark.Relevance2.peakmem_wawa": "74851db6b519ddfce3cc70216af3da6a65142006c943caeca214b211ac785d41", "label_aggregation_benchmark.Relevance2.peakmem_zbs": "0b38906e5d5119c3c36a58dc75c41c24b4e4b0ecc614743f1618fa43fd33f108", "label_aggregation_benchmark.Relevance2.track_accuracy_dawid_skene": "7e0a657652a7e72d8cb6aef9507ae81cad50d30d418a12ad20e99c3d3c50ef1a", "label_aggregation_benchmark.Relevance2.track_accuracy_gold_majority_vote": "69bd13cf276103040ca16849ee8bdec6c75438df3e592dd47e03e7d129c76a5d", "label_aggregation_benchmark.Relevance2.track_accuracy_majority_vote": "7916e4d5988a8dcb77986cebe3cfbced48c6f347e996ee2048a11a02eac51ada", "label_aggregation_benchmark.Relevance2.track_accuracy_mmsr": "860fd1d24b3cc508a9f9d2c2e0a54b6545bd630b580f2595b093bb9b15592b36",