{"results": {"label_aggregation_benchmark.Relevance2.time_dawid_skene": {"result": [4.948797835997539], "stats": [{"ci_99": [3.193542436376447, 6.704053235618629], "q_25": 4.931245282001328, "q_75": 4.96635038999375, "min": 4.913692728005117, "max": 4.9839029439899605, "mean": 4.948797835997539, "std": 0.035105107992421836, "repeat": 2, "number": 1}]}, "label_aggregation_benchmark.Relevance2.time_gold_majority_vote": {"result": [0.8774398844980169], "stats": [{"ci_99": [0.8168269760208204, 0.8982547390041873], "q_25": 0.8649458882355248, "q_75": 0.8878154647391057, "min": 0.8168269760208204, "max": 0.8982547390041873, "mean": 0.871647782495711, "std": 0.023010838964432487, "repeat": 10, "number": 1}]}, "label_aggregation_benchmark.Relevance2.time_majority_vote": {"result": [0.6906533045112155], "stats": [{"ci_99": [0.6641522879945114, 0.7701149559870828], "q_25": 0.6796152702518157, "q_75": 0.7401945925012114, "min": 0.6641522879945114, "max": 0.7701149559870828, "mean": 0.7079941746022087, "std": 0.037779555906432144, "repeat": 10, "number": 1}]}, "label_aggregation_benchmark.Relevance2.time_mmsr": null, "label_aggregation_benchmark.Relevance2.time_wawa": {"result": [1.6333940805052407], "stats": [{"ci_99": [1.5017073049966712, 1.7110199590097181], "q_25": 1.5997384259899263, "q_75": 1.6682222099989303, "min": 1.5017073049966712, "max": 1.7110199590097181, "mean": 1.6229254103993298, "std": 0.06305957390130079, "repeat": 10, "number": 1}]}, "label_aggregation_benchmark.Relevance2.time_zbs": {"result": [9.973280307996902], "stats": [{"ci_99": [-2.2060673922969727, 22.152628008290765], "q_25": 9.851486830993963, "q_75": 10.09507378499984, "min": 9.729693353991024, "max": 10.21686726200278, "mean": 9.973280307996902, "std": 0.2435869540058775, "repeat": 2, "number": 1}]}, "label_aggregation_benchmark.Relevance2.peakmem_dawid_skene": 219791360, "label_aggregation_benchmark.Relevance2.peakmem_gold_majority_vote": 197193728, "label_aggregation_benchmark.Relevance2.peakmem_majority_vote": 205922304, "label_aggregation_benchmark.Relevance2.peakmem_mmsr": null, "label_aggregation_benchmark.Relevance2.peakmem_wawa": 217284608, "label_aggregation_benchmark.Relevance2.peakmem_zbs": 226455552, "label_aggregation_benchmark.Relevance2.track_accuracy_dawid_skene": 0.8106955055064987, "label_aggregation_benchmark.Relevance2.track_accuracy_gold_majority_vote": 0.8255779343188808, "label_aggregation_benchmark.Relevance2.track_accuracy_majority_vote": 0.7763667030459371, "label_aggregation_benchmark.Relevance2.track_accuracy_mmsr": null, "label_aggregation_benchmark.Relevance2.track_accuracy_wawa": null, "label_aggregation_benchmark.Relevance2.track_accuracy_zbs": 0.7733902172834607}, "params": {"arch": "x86_64", "cpu": "Intel(R) Xeon(R) Gold 6230 CPU @ 2.10GHz", "machine": "vm", "num_cpu": "16", "os": "Linux 4.19.100-23", "ram": "16GB", "python": "3.8"}, "requirements": {}, "commit_hash": "396b48aca9e1fdd46ea80cc1712ae4744bdf42d1", "date": 1629302137000, "env_name": "virtualenv-py3.8", "python": "3.8", "profiles": {}, "started_at": {"label_aggregation_benchmark.Relevance2.time_dawid_skene": 1632296216974, "label_aggregation_benchmark.Relevance2.time_gold_majority_vote": 1632296227755, "label_aggregation_benchmark.Relevance2.time_majority_vote": 1632296234377, "label_aggregation_benchmark.Relevance2.time_mmsr": 1632296044300, "label_aggregation_benchmark.Relevance2.time_wawa": 1632296239798, "label_aggregation_benchmark.Relevance2.time_zbs": 1632296250985, "label_aggregation_benchmark.Relevance2.peakmem_dawid_skene": 1632296136129, "label_aggregation_benchmark.Relevance2.peakmem_gold_majority_vote": 1632296141498, "label_aggregation_benchmark.Relevance2.peakmem_majority_vote": 1632296142756, "label_aggregation_benchmark.Relevance2.peakmem_mmsr": 1632296143712, "label_aggregation_benchmark.Relevance2.peakmem_wawa": 1632296203879, "label_aggregation_benchmark.Relevance2.peakmem_zbs": 1632296205889, "label_aggregation_benchmark.Relevance2.track_accuracy_dawid_skene": 1632296271849, "label_aggregation_benchmark.Relevance2.track_accuracy_gold_majority_vote": 1632296277469, "label_aggregation_benchmark.Relevance2.track_accuracy_majority_vote": 1632296278777, "label_aggregation_benchmark.Relevance2.track_accuracy_mmsr": 1632296279785, "label_aggregation_benchmark.Relevance2.track_accuracy_wawa": 1632296339955, "label_aggregation_benchmark.Relevance2.track_accuracy_zbs": 1632296340260}, "ended_at": {"label_aggregation_benchmark.Relevance2.time_dawid_skene": 1632296227755, "label_aggregation_benchmark.Relevance2.time_gold_majority_vote": 1632296234377, "label_aggregation_benchmark.Relevance2.time_majority_vote": 1632296239798, "label_aggregation_benchmark.Relevance2.time_mmsr": 1632296104480, "label_aggregation_benchmark.Relevance2.time_wawa": 1632296250985, "label_aggregation_benchmark.Relevance2.time_zbs": 1632296271849, "label_aggregation_benchmark.Relevance2.peakmem_dawid_skene": 1632296141497, "label_aggregation_benchmark.Relevance2.peakmem_gold_majority_vote": 1632296142756, "label_aggregation_benchmark.Relevance2.peakmem_majority_vote": 1632296143712, "label_aggregation_benchmark.Relevance2.peakmem_mmsr": 1632296203878, "label_aggregation_benchmark.Relevance2.peakmem_wawa": 1632296205889, "label_aggregation_benchmark.Relevance2.peakmem_zbs": 1632296216973, "label_aggregation_benchmark.Relevance2.track_accuracy_dawid_skene": 1632296277469, "label_aggregation_benchmark.Relevance2.track_accuracy_gold_majority_vote": 1632296278777, "label_aggregation_benchmark.Relevance2.track_accuracy_majority_vote": 1632296279784, "label_aggregation_benchmark.Relevance2.track_accuracy_mmsr": 1632296339955, "label_aggregation_benchmark.Relevance2.track_accuracy_wawa": 1632296340260, "label_aggregation_benchmark.Relevance2.track_accuracy_zbs": 1632296351044}, "benchmark_version": {"label_aggregation_benchmark.Relevance2.time_dawid_skene": "88f5ffd9d32ebcca57bcf651a025ad2a0b691ed8678ddfdc0b7b3c3706ae2841", "label_aggregation_benchmark.Relevance2.time_gold_majority_vote": "a941271c216476d18a69aa535cadb07952260a39843740fe0e24b39da38f2b87", "label_aggregation_benchmark.Relevance2.time_majority_vote": "bf7b878a140af9efeece34d841b277f355e06580d861c68bbc83c5778d378874", "label_aggregation_benchmark.Relevance2.time_mmsr": "5571c05342e9008d9a622d1fd39aab8313ac30d57a0bbc14f8a75fdecf325ec5", "label_aggregation_benchmark.Relevance2.time_wawa": "67cb33c8ffccda0337fde361b5ada33d055cbe734f2d5e18bb3b34175e5dae45", "label_aggregation_benchmark.Relevance2.time_zbs": "439d37a43e482da76ad622b5a5a193a8f7db820344721d397e88445def4fb83e", "label_aggregation_benchmark.Relevance2.peakmem_dawid_skene": "c4518a41f907d2fdca9ec6e25a60a9b7fd53da0b1bd0118501903650bb5f1638", "label_aggregation_benchmark.Relevance2.peakmem_gold_majority_vote": "5f5916fabc3b14c3bdabc854557c7ebafca1ee9217cff4cddabc8dd5df1da65e", "label_aggregation_benchmark.Relevance2.peakmem_majority_vote": "5f7d206e231aae89f9cd72f2db890099a89e82eef9e2820a0c0d8f4e3ddb5efe", "label_aggregation_benchmark.Relevance2.peakmem_mmsr": "586fc489203a8698ebf76b1fdd33e672de89daed052f26ebc0ee51f3d2b5925c", "label_aggregation_benchmark.Relevance2.peakmem_wawa": "74851db6b519ddfce3cc70216af3da6a65142006c943caeca214b211ac785d41", "label_aggregation_benchmark.Relevance2.peakmem_zbs": "0b38906e5d5119c3c36a58dc75c41c24b4e4b0ecc614743f1618fa43fd33f108", "label_aggregation_benchmark.Relevance2.track_accuracy_dawid_skene": "7e0a657652a7e72d8cb6aef9507ae81cad50d30d418a12ad20e99c3d3c50ef1a", "label_aggregation_benchmark.Relevance2.track_accuracy_gold_majority_vote": "69bd13cf276103040ca16849ee8bdec6c75438df3e592dd47e03e7d129c76a5d", "label_aggregation_benchmark.Relevance2.track_accuracy_majority_vote": "7916e4d5988a8dcb77986cebe3cfbced48c6f347e996ee2048a11a02eac51ada", "label_aggregation_benchmark.Relevance2.track_accuracy_mmsr": "860fd1d24b3cc508a9f9d2c2e0a54b6545bd630b580f2595b093bb9b15592b36",