{"results": {"label_aggregation_benchmark.Relevance2.time_dawid_skene": {"result": [4.8051430779996736], "stats": [{"ci_99": [3.819764814019625, 5.792196071313015], "q_25": 4.698301002499647, "q_75": 4.9132412004996695, "min": 4.591458926999621, "max": 5.0213393229996655, "mean": 4.80598044266632, "std": 0.1754989356111643, "repeat": 3, "number": 1}]}, "label_aggregation_benchmark.Relevance2.time_gold_majority_vote": {"result": [0.8341781649996847], "stats": [{"ci_99": [0.7839068840003165, 0.9118568180001603], "q_25": 0.8000163584999882, "q_75": 0.8646590307496353, "min": 0.7839068840003165, "max": 0.9118568180001603, "mean": 0.83612312009991, "std": 0.040362920803751035, "repeat": 10, "number": 1}]}, "label_aggregation_benchmark.Relevance2.time_majority_vote": {"result": [0.6232554204998451], "stats": [{"ci_99": [0.5994866899991393, 0.6986896000007619], "q_25": 0.6081806260003759, "q_75": 0.6765525327496107, "min": 0.5994866899991393, "max": 0.6986896000007619, "mean": 0.639803978999953, "std": 0.036054072883686054, "repeat": 10, "number": 1}]}, "label_aggregation_benchmark.Relevance2.time_mmsr": null, "label_aggregation_benchmark.Relevance2.time_wawa": {"result": [1.5200443310000082], "stats": [{"ci_99": [1.4545995400003449, 1.662034789000245], "q_25": 1.504253729499851, "q_75": 1.5471234452495537, "min": 1.4545995400003449, "max": 1.662034789000245, "mean": 1.5321515946999171, "std": 0.05447344617873464, "repeat": 10, "number": 1}]}, "label_aggregation_benchmark.Relevance2.time_zbs": {"result": [9.86872196100012], "stats": [{"ci_99": [4.99010426102177, 14.747339660978465], "q_25": 9.819935784000336, "q_75": 9.917508137999903, "min": 9.771149607000552, "max": 9.966294314999686, "mean": 9.86872196100012, "std": 0.09757235399956699, "repeat": 2, "number": 1}]}, "label_aggregation_benchmark.Relevance2.peakmem_dawid_skene": 219009024, "label_aggregation_benchmark.Relevance2.peakmem_gold_majority_vote": 196894720, "label_aggregation_benchmark.Relevance2.peakmem_majority_vote": 205631488, "label_aggregation_benchmark.Relevance2.peakmem_mmsr": null, "label_aggregation_benchmark.Relevance2.peakmem_wawa": 217157632, "label_aggregation_benchmark.Relevance2.peakmem_zbs": 226201600, "label_aggregation_benchmark.Relevance2.track_accuracy_dawid_skene": 0.8106955055064987, "label_aggregation_benchmark.Relevance2.track_accuracy_gold_majority_vote": 0.8255779343188808, "label_aggregation_benchmark.Relevance2.track_accuracy_majority_vote": 0.7763667030459371, "label_aggregation_benchmark.Relevance2.track_accuracy_mmsr": null, "label_aggregation_benchmark.Relevance2.track_accuracy_wawa": null, "label_aggregation_benchmark.Relevance2.track_accuracy_zbs": 0.7733902172834607}, "params": {"arch": "x86_64", "cpu": "Intel(R) Xeon(R) Gold 6230 CPU @ 2.10GHz", "machine": "sinosov-vm.sas.yp-c.yandex.net", "num_cpu": "16", "os": "Linux 4.19.100-23", "ram": "16GB", "python": "3.8"}, "requirements": {}, "commit_hash": "449bd3064067b431ac687519fbcc26a7005ab655", "date": 1623932546000, "env_name": "virtualenv-py3.8", "python": "3.8", "profiles": {}, "started_at": {"label_aggregation_benchmark.Relevance2.time_dawid_skene": 1632149826919, "label_aggregation_benchmark.Relevance2.time_gold_majority_vote": 1632149842013, "label_aggregation_benchmark.Relevance2.time_majority_vote": 1632149848335, "label_aggregation_benchmark.Relevance2.time_mmsr": 1632149655757, "label_aggregation_benchmark.Relevance2.time_wawa": 1632149853352, "label_aggregation_benchmark.Relevance2.time_zbs": 1632149863983, "label_aggregation_benchmark.Relevance2.peakmem_dawid_skene": 1632149746721, "label_aggregation_benchmark.Relevance2.peakmem_gold_majority_vote": 1632149751941, "label_aggregation_benchmark.Relevance2.peakmem_majority_vote": 1632149753149, "label_aggregation_benchmark.Relevance2.peakmem_mmsr": 1632149754056, "label_aggregation_benchmark.Relevance2.peakmem_wawa": 1632149814229, "label_aggregation_benchmark.Relevance2.peakmem_zbs": 1632149816189, "label_aggregation_benchmark.Relevance2.track_accuracy_dawid_skene": 1632149884592, "label_aggregation_benchmark.Relevance2.track_accuracy_gold_majority_vote": 1632149889909, "label_aggregation_benchmark.Relevance2.track_accuracy_majority_vote": 1632149891165, "label_aggregation_benchmark.Relevance2.track_accuracy_mmsr": 1632149892170, "label_aggregation_benchmark.Relevance2.track_accuracy_wawa": 1632149952281, "label_aggregation_benchmark.Relevance2.track_accuracy_zbs": 1632149952537}, "ended_at": {"label_aggregation_benchmark.Relevance2.time_dawid_skene": 1632149842013, "label_aggregation_benchmark.Relevance2.time_gold_majority_vote": 1632149848334, "label_aggregation_benchmark.Relevance2.time_majority_vote": 1632149853352, "label_aggregation_benchmark.Relevance2.time_mmsr": 1632149715924, "label_aggregation_benchmark.Relevance2.time_wawa": 1632149863983, "label_aggregation_benchmark.Relevance2.time_zbs": 1632149884592, "label_aggregation_benchmark.Relevance2.peakmem_dawid_skene": 1632149751941, "label_aggregation_benchmark.Relevance2.peakmem_gold_majority_vote": 1632149753149, "label_aggregation_benchmark.Relevance2.peakmem_majority_vote": 1632149754056, "label_aggregation_benchmark.Relevance2.peakmem_mmsr": 1632149814228, "label_aggregation_benchmark.Relevance2.peakmem_wawa": 1632149816189, "label_aggregation_benchmark.Relevance2.peakmem_zbs": 1632149826919, "label_aggregation_benchmark.Relevance2.track_accuracy_dawid_skene": 1632149889909, "label_aggregation_benchmark.Relevance2.track_accuracy_gold_majority_vote": 1632149891165, "label_aggregation_benchmark.Relevance2.track_accuracy_majority_vote": 1632149892170, "label_aggregation_benchmark.Relevance2.track_accuracy_mmsr": 1632149952281, "label_aggregation_benchmark.Relevance2.track_accuracy_wawa": 1632149952537, "label_aggregation_benchmark.Relevance2.track_accuracy_zbs": 1632149962971}, "benchmark_version": {"label_aggregation_benchmark.Relevance2.time_dawid_skene": "88f5ffd9d32ebcca57bcf651a025ad2a0b691ed8678ddfdc0b7b3c3706ae2841", "label_aggregation_benchmark.Relevance2.time_gold_majority_vote": "a941271c216476d18a69aa535cadb07952260a39843740fe0e24b39da38f2b87", "label_aggregation_benchmark.Relevance2.time_majority_vote": "bf7b878a140af9efeece34d841b277f355e06580d861c68bbc83c5778d378874", "label_aggregation_benchmark.Relevance2.time_mmsr": "5571c05342e9008d9a622d1fd39aab8313ac30d57a0bbc14f8a75fdecf325ec5", "label_aggregation_benchmark.Relevance2.time_wawa": "67cb33c8ffccda0337fde361b5ada33d055cbe734f2d5e18bb3b34175e5dae45", "label_aggregation_benchmark.Relevance2.time_zbs": "439d37a43e482da76ad622b5a5a193a8f7db820344721d397e88445def4fb83e", "label_aggregation_benchmark.Relevance2.peakmem_dawid_skene": "c4518a41f907d2fdca9ec6e25a60a9b7fd53da0b1bd0118501903650bb5f1638", "label_aggregation_benchmark.Relevance2.peakmem_gold_majority_vote": "5f5916fabc3b14c3bdabc854557c7ebafca1ee9217cff4cddabc8dd5df1da65e", "label_aggregation_benchmark.Relevance2.peakmem_majority_vote": "5f7d206e231aae89f9cd72f2db890099a89e82eef9e2820a0c0d8f4e3ddb5efe", "label_aggregation_benchmark.Relevance2.peakmem_mmsr": "586fc489203a8698ebf76b1fdd33e672de89daed052f26ebc0ee51f3d2b5925c", "label_aggregation_benchmark.Relevance2.peakmem_wawa": "74851db6b519ddfce3cc70216af3da6a65142006c943caeca214b211ac785d41", "label_aggregation_benchmark.Relevance2.peakmem_zbs": "0b38906e5d5119c3c36a58dc75c41c24b4e4b0ecc614743f1618fa43fd33f108", "label_aggregation_benchmark.Relevance2.track_accuracy_dawid_skene": "7e0a657652a7e72d8cb6aef9507ae81cad50d30d418a12ad20e99c3d3c50ef1a", "label_aggregation_benchmark.Relevance2.track_accuracy_gold_majority_vote": "69bd13cf276103040ca16849ee8bdec6c75438df3e592dd47e03e7d129c76a5d", "label_aggregation_benchmark.Relevance2.track_accuracy_majority_vote": "7916e4d5988a8dcb77986cebe3cfbced48c6f347e996ee2048a11a02eac51ada", "label_aggregation_benchmark.Relevance2.track_accuracy_mmsr": "860fd1d24b3cc508a9f9d2c2e0a54b6545bd630b580f2595b093bb9b15592b36",