{"results": {"label_aggregation_benchmark.Relevance2.time_dawid_skene": {"result": [5.042962000487023], "stats": [{"ci_99": [-0.06158837462135125, 10.147512375595394], "q_25": 4.991916496735939, "q_75": 5.094007504238107, "min": 4.9408709929848555, "max": 5.1450530079891905, "mean": 5.042962000487023, "std": 0.10209100750216749, "repeat": 2, "number": 1}]}, "label_aggregation_benchmark.Relevance2.time_gold_majority_vote": {"result": [0.9230256345035741], "stats": [{"ci_99": [0.8728916959953494, 0.9824753520078957], "q_25": 0.9044339917527395, "q_75": 0.9631020939996233, "min": 0.8728916959953494, "max": 0.9824753520078957, "mean": 0.9288587918999838, "std": 0.035030753621411115, "repeat": 10, "number": 1}]}, "label_aggregation_benchmark.Relevance2.time_majority_vote": {"result": [0.6597099480131874], "stats": [{"ci_99": [0.6026518729922827, 0.7242203259957023], "q_25": 0.6457711775001371, "q_75": 0.6979659447388258, "min": 0.6026518729922827, "max": 0.7242203259957023, "mean": 0.6664701398985926, "std": 0.03587849612624247, "repeat": 10, "number": 1}]}, "label_aggregation_benchmark.Relevance2.time_mmsr": null, "label_aggregation_benchmark.Relevance2.time_wawa": {"result": [1.6003827465028735], "stats": [{"ci_99": [1.5470814270083793, 1.8066184080089442], "q_25": 1.559377854995546, "q_75": 1.7211069007389597, "min": 1.5470814270083793, "max": 1.8066184080089442, "mean": 1.6407820804975928, "std": 0.09152471160801137, "repeat": 10, "number": 1}]}, "label_aggregation_benchmark.Relevance2.time_zbs": {"result": [10.193640899000457], "stats": [{"ci_99": [-4.481875301076798, 24.869157099077697], "q_25": 10.046885736999684, "q_75": 10.340396061001229, "min": 9.900130574998911, "max": 10.487151223002002, "mean": 10.193640899000457, "std": 0.2935103240015451, "repeat": 2, "number": 1}]}, "label_aggregation_benchmark.Relevance2.peakmem_dawid_skene": 219250688, "label_aggregation_benchmark.Relevance2.peakmem_gold_majority_vote": 197120000, "label_aggregation_benchmark.Relevance2.peakmem_majority_vote": 206442496, "label_aggregation_benchmark.Relevance2.peakmem_mmsr": null, "label_aggregation_benchmark.Relevance2.peakmem_wawa": 217243648, "label_aggregation_benchmark.Relevance2.peakmem_zbs": 226394112, "label_aggregation_benchmark.Relevance2.track_accuracy_dawid_skene": 0.8106955055064987, "label_aggregation_benchmark.Relevance2.track_accuracy_gold_majority_vote": 0.8255779343188808, "label_aggregation_benchmark.Relevance2.track_accuracy_majority_vote": 0.7763667030459371, "label_aggregation_benchmark.Relevance2.track_accuracy_mmsr": null, "label_aggregation_benchmark.Relevance2.track_accuracy_wawa": null, "label_aggregation_benchmark.Relevance2.track_accuracy_zbs": 0.7733902172834607}, "params": {"arch": "x86_64", "cpu": "Intel(R) Xeon(R) Gold 6230 CPU @ 2.10GHz", "machine": "vm", "num_cpu": "16", "os": "Linux 4.19.100-23", "ram": "16GB", "python": "3.8"}, "requirements": {}, "commit_hash": "449bd3064067b431ac687519fbcc26a7005ab655", "date": 1623932546000, "env_name": "virtualenv-py3.8", "python": "3.8", "profiles": {}, "started_at": {"label_aggregation_benchmark.Relevance2.time_dawid_skene": 1632297226133, "label_aggregation_benchmark.Relevance2.time_gold_majority_vote": 1632297236768, "label_aggregation_benchmark.Relevance2.time_majority_vote": 1632297243792, "label_aggregation_benchmark.Relevance2.time_mmsr": 1632297051455, "label_aggregation_benchmark.Relevance2.time_wawa": 1632297249013, "label_aggregation_benchmark.Relevance2.time_zbs": 1632297260301, "label_aggregation_benchmark.Relevance2.peakmem_dawid_skene": 1632297144732, "label_aggregation_benchmark.Relevance2.peakmem_gold_majority_vote": 1632297150504, "label_aggregation_benchmark.Relevance2.peakmem_majority_vote": 1632297151711, "label_aggregation_benchmark.Relevance2.peakmem_mmsr": 1632297152668, "label_aggregation_benchmark.Relevance2.peakmem_wawa": 1632297212888, "label_aggregation_benchmark.Relevance2.peakmem_zbs": 1632297215048, "label_aggregation_benchmark.Relevance2.track_accuracy_dawid_skene": 1632297280715, "label_aggregation_benchmark.Relevance2.track_accuracy_gold_majority_vote": 1632297286336, "label_aggregation_benchmark.Relevance2.track_accuracy_majority_vote": 1632297287695, "label_aggregation_benchmark.Relevance2.track_accuracy_mmsr": 1632297288756, "label_aggregation_benchmark.Relevance2.track_accuracy_wawa": 1632297348934, "label_aggregation_benchmark.Relevance2.track_accuracy_zbs": 1632297349189}, "ended_at": {"label_aggregation_benchmark.Relevance2.time_dawid_skene": 1632297236768, "label_aggregation_benchmark.Relevance2.time_gold_majority_vote": 1632297243792, "label_aggregation_benchmark.Relevance2.time_majority_vote": 1632297249012, "label_aggregation_benchmark.Relevance2.time_mmsr": 1632297111626, "label_aggregation_benchmark.Relevance2.time_wawa": 1632297260301, "label_aggregation_benchmark.Relevance2.time_zbs": 1632297280714, "label_aggregation_benchmark.Relevance2.peakmem_dawid_skene": 1632297150504, "label_aggregation_benchmark.Relevance2.peakmem_gold_majority_vote": 1632297151711, "label_aggregation_benchmark.Relevance2.peakmem_majority_vote": 1632297152668, "label_aggregation_benchmark.Relevance2.peakmem_mmsr": 1632297212887, "label_aggregation_benchmark.Relevance2.peakmem_wawa": 1632297215047, "label_aggregation_benchmark.Relevance2.peakmem_zbs": 1632297226133, "label_aggregation_benchmark.Relevance2.track_accuracy_dawid_skene": 1632297286336, "label_aggregation_benchmark.Relevance2.track_accuracy_gold_majority_vote": 1632297287695, "label_aggregation_benchmark.Relevance2.track_accuracy_majority_vote": 1632297288755, "label_aggregation_benchmark.Relevance2.track_accuracy_mmsr": 1632297348934, "label_aggregation_benchmark.Relevance2.track_accuracy_wawa": 1632297349189, "label_aggregation_benchmark.Relevance2.track_accuracy_zbs": 1632297360073}, "benchmark_version": {"label_aggregation_benchmark.Relevance2.time_dawid_skene": "88f5ffd9d32ebcca57bcf651a025ad2a0b691ed8678ddfdc0b7b3c3706ae2841", "label_aggregation_benchmark.Relevance2.time_gold_majority_vote": "a941271c216476d18a69aa535cadb07952260a39843740fe0e24b39da38f2b87", "label_aggregation_benchmark.Relevance2.time_majority_vote": "bf7b878a140af9efeece34d841b277f355e06580d861c68bbc83c5778d378874", "label_aggregation_benchmark.Relevance2.time_mmsr": "5571c05342e9008d9a622d1fd39aab8313ac30d57a0bbc14f8a75fdecf325ec5", "label_aggregation_benchmark.Relevance2.time_wawa": "67cb33c8ffccda0337fde361b5ada33d055cbe734f2d5e18bb3b34175e5dae45", "label_aggregation_benchmark.Relevance2.time_zbs": "439d37a43e482da76ad622b5a5a193a8f7db820344721d397e88445def4fb83e", "label_aggregation_benchmark.Relevance2.peakmem_dawid_skene": "c4518a41f907d2fdca9ec6e25a60a9b7fd53da0b1bd0118501903650bb5f1638", "label_aggregation_benchmark.Relevance2.peakmem_gold_majority_vote": "5f5916fabc3b14c3bdabc854557c7ebafca1ee9217cff4cddabc8dd5df1da65e", "label_aggregation_benchmark.Relevance2.peakmem_majority_vote": "5f7d206e231aae89f9cd72f2db890099a89e82eef9e2820a0c0d8f4e3ddb5efe", "label_aggregation_benchmark.Relevance2.peakmem_mmsr": "586fc489203a8698ebf76b1fdd33e672de89daed052f26ebc0ee51f3d2b5925c", "label_aggregation_benchmark.Relevance2.peakmem_wawa": "74851db6b519ddfce3cc70216af3da6a65142006c943caeca214b211ac785d41", "label_aggregation_benchmark.Relevance2.peakmem_zbs": "0b38906e5d5119c3c36a58dc75c41c24b4e4b0ecc614743f1618fa43fd33f108", "label_aggregation_benchmark.Relevance2.track_accuracy_dawid_skene": "7e0a657652a7e72d8cb6aef9507ae81cad50d30d418a12ad20e99c3d3c50ef1a", "label_aggregation_benchmark.Relevance2.track_accuracy_gold_majority_vote": "69bd13cf276103040ca16849ee8bdec6c75438df3e592dd47e03e7d129c76a5d", "label_aggregation_benchmark.Relevance2.track_accuracy_majority_vote": "7916e4d5988a8dcb77986cebe3cfbced48c6f347e996ee2048a11a02eac51ada", "label_aggregation_benchmark.Relevance2.track_accuracy_mmsr": "860fd1d24b3cc508a9f9d2c2e0a54b6545bd630b580f2595b093bb9b15592b36",