{"results": {"label_aggregation_benchmark.Relevance2.time_dawid_skene": {"result": [4.805857161999938], "stats": [{"ci_99": [4.40001974971546, 5.207520549617715], "q_25": 4.760298132499884, "q_75": 4.848285672999964, "min": 4.714739102999829, "max": 4.8907141839999895, "mean": 4.803770149666586, "std": 0.07185668142728248, "repeat": 3, "number": 1}]}, "label_aggregation_benchmark.Relevance2.time_gold_majority_vote": {"result": [0.8509381465000843], "stats": [{"ci_99": [0.8182673710002746, 0.9015957980000167], "q_25": 0.8394030504999819, "q_75": 0.8817028527499815, "min": 0.8182673710002746, "max": 0.9015957980000167, "mean": 0.8566248576000361, "std": 0.02728505864136881, "repeat": 10, "number": 1}]}, "label_aggregation_benchmark.Relevance2.time_majority_vote": {"result": [0.6653859144998933], "stats": [{"ci_99": [0.5965317130003314, 0.7164128869999331], "q_25": 0.6312520337500018, "q_75": 0.6806410379997487, "min": 0.5965317130003314, "max": 0.7164128869999331, "mean": 0.659545002799905, "std": 0.03483748369661675, "repeat": 10, "number": 1}]}, "label_aggregation_benchmark.Relevance2.time_mmsr": null, "label_aggregation_benchmark.Relevance2.time_wawa": {"result": [1.5211633740000252], "stats": [{"ci_99": [1.4164628370003811, 1.7838001949999125], "q_25": 1.5082921550002766, "q_75": 1.5528200977498727, "min": 1.4164628370003811, "max": 1.7838001949999125, "mean": 1.545643851100067, "std": 0.0913911956693808, "repeat": 10, "number": 1}]}, "label_aggregation_benchmark.Relevance2.time_zbs": {"result": [9.849517970999841], "stats": [{"ci_99": [-1.2809702790009396, 20.980006221000615], "q_25": 9.738213088499833, "q_75": 9.960822853499849, "min": 9.626908205999825, "max": 10.072127735999857, "mean": 9.849517970999841, "std": 0.2226097650000156, "repeat": 2, "number": 1}]}, "label_aggregation_benchmark.Relevance2.peakmem_dawid_skene": 219828224, "label_aggregation_benchmark.Relevance2.peakmem_gold_majority_vote": 197439488, "label_aggregation_benchmark.Relevance2.peakmem_majority_vote": 206376960, "label_aggregation_benchmark.Relevance2.peakmem_mmsr": null, "label_aggregation_benchmark.Relevance2.peakmem_wawa": 217800704, "label_aggregation_benchmark.Relevance2.peakmem_zbs": 226959360, "label_aggregation_benchmark.Relevance2.track_accuracy_dawid_skene": 0.8106955055064987, "label_aggregation_benchmark.Relevance2.track_accuracy_gold_majority_vote": 0.8255779343188808, "label_aggregation_benchmark.Relevance2.track_accuracy_majority_vote": 0.7763667030459371, "label_aggregation_benchmark.Relevance2.track_accuracy_mmsr": null, "label_aggregation_benchmark.Relevance2.track_accuracy_wawa": null, "label_aggregation_benchmark.Relevance2.track_accuracy_zbs": 0.7733902172834607}, "params": {"arch": "x86_64", "cpu": "Intel(R) Xeon(R) Gold 6230 CPU @ 2.10GHz", "machine": "sinosov-vm.sas.yp-c.yandex.net", "num_cpu": "16", "os": "Linux 4.19.100-23", "ram": "16GB", "python": "3.8"}, "requirements": {}, "commit_hash": "47b6fe62496ff607f4d5de39146fe0778affc868", "date": 1632147095000, "env_name": "virtualenv-py3.8", "python": "3.8", "profiles": {}, "started_at": {"label_aggregation_benchmark.Relevance2.time_dawid_skene": 1632148171841, "label_aggregation_benchmark.Relevance2.time_gold_majority_vote": 1632148186940, "label_aggregation_benchmark.Relevance2.time_majority_vote": 1632148193362, "label_aggregation_benchmark.Relevance2.time_mmsr": 1632148000425, "label_aggregation_benchmark.Relevance2.time_wawa": 1632148198532, "label_aggregation_benchmark.Relevance2.time_zbs": 1632148209115, "label_aggregation_benchmark.Relevance2.peakmem_dawid_skene": 1632148092188, "label_aggregation_benchmark.Relevance2.peakmem_gold_majority_vote": 1632148097558, "label_aggregation_benchmark.Relevance2.peakmem_majority_vote": 1632148098815, "label_aggregation_benchmark.Relevance2.peakmem_mmsr": 1632148099771, "label_aggregation_benchmark.Relevance2.peakmem_wawa": 1632148159948, "label_aggregation_benchmark.Relevance2.peakmem_zbs": 1632148161807, "label_aggregation_benchmark.Relevance2.track_accuracy_dawid_skene": 1632148229177, "label_aggregation_benchmark.Relevance2.track_accuracy_gold_majority_vote": 1632148234295, "label_aggregation_benchmark.Relevance2.track_accuracy_majority_vote": 1632148235553, "label_aggregation_benchmark.Relevance2.track_accuracy_mmsr": 1632148236509, "label_aggregation_benchmark.Relevance2.track_accuracy_wawa": 1632148296634, "label_aggregation_benchmark.Relevance2.track_accuracy_zbs": 1632148296890}, "ended_at": {"label_aggregation_benchmark.Relevance2.time_dawid_skene": 1632148186940, "label_aggregation_benchmark.Relevance2.time_gold_majority_vote": 1632148193361, "label_aggregation_benchmark.Relevance2.time_majority_vote": 1632148198531, "label_aggregation_benchmark.Relevance2.time_mmsr": 1632148060597, "label_aggregation_benchmark.Relevance2.time_wawa": 1632148209115, "label_aggregation_benchmark.Relevance2.time_zbs": 1632148229177, "label_aggregation_benchmark.Relevance2.peakmem_dawid_skene": 1632148097557, "label_aggregation_benchmark.Relevance2.peakmem_gold_majority_vote": 1632148098814, "label_aggregation_benchmark.Relevance2.peakmem_majority_vote": 1632148099770, "label_aggregation_benchmark.Relevance2.peakmem_mmsr": 1632148159948, "label_aggregation_benchmark.Relevance2.peakmem_wawa": 1632148161807, "label_aggregation_benchmark.Relevance2.peakmem_zbs": 1632148171840, "label_aggregation_benchmark.Relevance2.track_accuracy_dawid_skene": 1632148234295, "label_aggregation_benchmark.Relevance2.track_accuracy_gold_majority_vote": 1632148235553, "label_aggregation_benchmark.Relevance2.track_accuracy_majority_vote": 1632148236509, "label_aggregation_benchmark.Relevance2.track_accuracy_mmsr": 1632148296634, "label_aggregation_benchmark.Relevance2.track_accuracy_wawa": 1632148296890, "label_aggregation_benchmark.Relevance2.track_accuracy_zbs": 1632148307474}, "benchmark_version": {"label_aggregation_benchmark.Relevance2.time_dawid_skene": "88f5ffd9d32ebcca57bcf651a025ad2a0b691ed8678ddfdc0b7b3c3706ae2841", "label_aggregation_benchmark.Relevance2.time_gold_majority_vote": "a941271c216476d18a69aa535cadb07952260a39843740fe0e24b39da38f2b87", "label_aggregation_benchmark.Relevance2.time_majority_vote": "bf7b878a140af9efeece34d841b277f355e06580d861c68bbc83c5778d378874", "label_aggregation_benchmark.Relevance2.time_mmsr": "5571c05342e9008d9a622d1fd39aab8313ac30d57a0bbc14f8a75fdecf325ec5", "label_aggregation_benchmark.Relevance2.time_wawa": "67cb33c8ffccda0337fde361b5ada33d055cbe734f2d5e18bb3b34175e5dae45", "label_aggregation_benchmark.Relevance2.time_zbs": "439d37a43e482da76ad622b5a5a193a8f7db820344721d397e88445def4fb83e", "label_aggregation_benchmark.Relevance2.peakmem_dawid_skene": "c4518a41f907d2fdca9ec6e25a60a9b7fd53da0b1bd0118501903650bb5f1638", "label_aggregation_benchmark.Relevance2.peakmem_gold_majority_vote": "5f5916fabc3b14c3bdabc854557c7ebafca1ee9217cff4cddabc8dd5df1da65e", "label_aggregation_benchmark.Relevance2.peakmem_majority_vote": "5f7d206e231aae89f9cd72f2db890099a89e82eef9e2820a0c0d8f4e3ddb5efe", "label_aggregation_benchmark.Relevance2.peakmem_mmsr": "586fc489203a8698ebf76b1fdd33e672de89daed052f26ebc0ee51f3d2b5925c", "label_aggregation_benchmark.Relevance2.peakmem_wawa": "74851db6b519ddfce3cc70216af3da6a65142006c943caeca214b211ac785d41", "label_aggregation_benchmark.Relevance2.peakmem_zbs": "0b38906e5d5119c3c36a58dc75c41c24b4e4b0ecc614743f1618fa43fd33f108", "label_aggregation_benchmark.Relevance2.track_accuracy_dawid_skene": "7e0a657652a7e72d8cb6aef9507ae81cad50d30d418a12ad20e99c3d3c50ef1a", "label_aggregation_benchmark.Relevance2.track_accuracy_gold_majority_vote": "69bd13cf276103040ca16849ee8bdec6c75438df3e592dd47e03e7d129c76a5d", "label_aggregation_benchmark.Relevance2.track_accuracy_majority_vote": "7916e4d5988a8dcb77986cebe3cfbced48c6f347e996ee2048a11a02eac51ada", "label_aggregation_benchmark.Relevance2.track_accuracy_mmsr": "860fd1d24b3cc508a9f9d2c2e0a54b6545bd630b580f2595b093bb9b15592b36",