{"results": {"label_aggregation_benchmark.Relevance2.time_dawid_skene": {"result": [4.87356820597779], "stats": [{"ci_99": [3.34174591505875, 6.520560093599915], "q_25": 4.744328385990229, "q_75": 5.089185223492677, "min": 4.615088566002669, "max": 5.304802241007565, "mean": 4.9311530043293414, "std": 0.2845033627488216, "repeat": 3, "number": 1}]}, "label_aggregation_benchmark.Relevance2.time_gold_majority_vote": {"result": [0.8730088135052938], "stats": [{"ci_99": [0.759414211002877, 1.0386757970263716], "q_25": 0.8316193382415804, "q_75": 0.8996083897582139, "min": 0.759414211002877, "max": 1.0386757970263716, "mean": 0.8770644207019359, "std": 0.07362882654326625, "repeat": 10, "number": 1}]}, "label_aggregation_benchmark.Relevance2.time_majority_vote": {"result": [0.6405073579953751], "stats": [{"ci_99": [0.5740485930000432, 0.7214780149806757], "q_25": 0.6331446895128465, "q_75": 0.6701792605017545, "min": 0.5740485930000432, "max": 0.7214780149806757, "mean": 0.6509949145984137, "std": 0.04135188115034123, "repeat": 10, "number": 1}]}, "label_aggregation_benchmark.Relevance2.time_mmsr": null, "label_aggregation_benchmark.Relevance2.time_wawa": {"result": [1.6190312575054122], "stats": [{"ci_99": [1.5029918900108896, 1.7631168579973746], "q_25": 1.5881356055178912, "q_75": 1.6484395107690943, "min": 1.5029918900108896, "max": 1.7631168579973746, "mean": 1.6283961631095736, "std": 0.07656948448029452, "repeat": 10, "number": 1}]}, "label_aggregation_benchmark.Relevance2.time_zbs": {"result": [10.255091592509416], "stats": [{"ci_99": [-17.8387854325847, 38.348968617603504], "q_25": 9.974152822258475, "q_75": 10.536030362760357, "min": 9.693214052007534, "max": 10.816969133011298, "mean": 10.255091592509416, "std": 0.5618775405018823, "repeat": 2, "number": 1}]}, "label_aggregation_benchmark.Relevance2.peakmem_dawid_skene": 217645056, "label_aggregation_benchmark.Relevance2.peakmem_gold_majority_vote": 196395008, "label_aggregation_benchmark.Relevance2.peakmem_majority_vote": 206237696, "label_aggregation_benchmark.Relevance2.peakmem_mmsr": null, "label_aggregation_benchmark.Relevance2.peakmem_wawa": 217661440, "label_aggregation_benchmark.Relevance2.peakmem_zbs": 226742272, "label_aggregation_benchmark.Relevance2.track_accuracy_dawid_skene": 0.8106955055064987, "label_aggregation_benchmark.Relevance2.track_accuracy_gold_majority_vote": 0.8255779343188808, "label_aggregation_benchmark.Relevance2.track_accuracy_majority_vote": 0.7763667030459371, "label_aggregation_benchmark.Relevance2.track_accuracy_mmsr": null, "label_aggregation_benchmark.Relevance2.track_accuracy_wawa": null, "label_aggregation_benchmark.Relevance2.track_accuracy_zbs": 0.7733902172834607}, "params": {"arch": "x86_64", "cpu": "Intel(R) Xeon(R) Gold 6230 CPU @ 2.10GHz", "machine": "vm", "num_cpu": "16", "os": "Linux 4.19.100-23", "ram": "16GB", "python": "3.8"}, "requirements": {}, "commit_hash": "47b6fe62496ff607f4d5de39146fe0778affc868", "date": 1632147095000, "env_name": "virtualenv-py3.8", "python": "3.8", "profiles": {}, "started_at": {"label_aggregation_benchmark.Relevance2.time_dawid_skene": 1632295547007, "label_aggregation_benchmark.Relevance2.time_gold_majority_vote": 1632295558390, "label_aggregation_benchmark.Relevance2.time_majority_vote": 1632295565362, "label_aggregation_benchmark.Relevance2.time_mmsr": 1632295374330, "label_aggregation_benchmark.Relevance2.time_wawa": 1632295570784, "label_aggregation_benchmark.Relevance2.time_zbs": 1632295581872, "label_aggregation_benchmark.Relevance2.peakmem_dawid_skene": 1632295466153, "label_aggregation_benchmark.Relevance2.peakmem_gold_majority_vote": 1632295471372, "label_aggregation_benchmark.Relevance2.peakmem_majority_vote": 1632295472579, "label_aggregation_benchmark.Relevance2.peakmem_mmsr": 1632295473538, "label_aggregation_benchmark.Relevance2.peakmem_wawa": 1632295533713, "label_aggregation_benchmark.Relevance2.peakmem_zbs": 1632295535772, "label_aggregation_benchmark.Relevance2.track_accuracy_dawid_skene": 1632295603791, "label_aggregation_benchmark.Relevance2.track_accuracy_gold_majority_vote": 1632295609317, "label_aggregation_benchmark.Relevance2.track_accuracy_majority_vote": 1632295610625, "label_aggregation_benchmark.Relevance2.track_accuracy_mmsr": 1632295611683, "label_aggregation_benchmark.Relevance2.track_accuracy_wawa": 1632295671853, "label_aggregation_benchmark.Relevance2.track_accuracy_zbs": 1632295672157}, "ended_at": {"label_aggregation_benchmark.Relevance2.time_dawid_skene": 1632295558390, "label_aggregation_benchmark.Relevance2.time_gold_majority_vote": 1632295565362, "label_aggregation_benchmark.Relevance2.time_majority_vote": 1632295570784, "label_aggregation_benchmark.Relevance2.time_mmsr": 1632295434505, "label_aggregation_benchmark.Relevance2.time_wawa": 1632295581872, "label_aggregation_benchmark.Relevance2.time_zbs": 1632295603791, "label_aggregation_benchmark.Relevance2.peakmem_dawid_skene": 1632295471372, "label_aggregation_benchmark.Relevance2.peakmem_gold_majority_vote": 1632295472579, "label_aggregation_benchmark.Relevance2.peakmem_majority_vote": 1632295473538, "label_aggregation_benchmark.Relevance2.peakmem_mmsr": 1632295533713, "label_aggregation_benchmark.Relevance2.peakmem_wawa": 1632295535772, "label_aggregation_benchmark.Relevance2.peakmem_zbs": 1632295547007, "label_aggregation_benchmark.Relevance2.track_accuracy_dawid_skene": 1632295609317, "label_aggregation_benchmark.Relevance2.track_accuracy_gold_majority_vote": 1632295610625, "label_aggregation_benchmark.Relevance2.track_accuracy_majority_vote": 1632295611682, "label_aggregation_benchmark.Relevance2.track_accuracy_mmsr": 1632295671852, "label_aggregation_benchmark.Relevance2.track_accuracy_wawa": 1632295672157, "label_aggregation_benchmark.Relevance2.track_accuracy_zbs": 1632295683042}, "benchmark_version": {"label_aggregation_benchmark.Relevance2.time_dawid_skene": "88f5ffd9d32ebcca57bcf651a025ad2a0b691ed8678ddfdc0b7b3c3706ae2841", "label_aggregation_benchmark.Relevance2.time_gold_majority_vote": "a941271c216476d18a69aa535cadb07952260a39843740fe0e24b39da38f2b87", "label_aggregation_benchmark.Relevance2.time_majority_vote": "bf7b878a140af9efeece34d841b277f355e06580d861c68bbc83c5778d378874", "label_aggregation_benchmark.Relevance2.time_mmsr": "5571c05342e9008d9a622d1fd39aab8313ac30d57a0bbc14f8a75fdecf325ec5", "label_aggregation_benchmark.Relevance2.time_wawa": "67cb33c8ffccda0337fde361b5ada33d055cbe734f2d5e18bb3b34175e5dae45", "label_aggregation_benchmark.Relevance2.time_zbs": "439d37a43e482da76ad622b5a5a193a8f7db820344721d397e88445def4fb83e", "label_aggregation_benchmark.Relevance2.peakmem_dawid_skene": "c4518a41f907d2fdca9ec6e25a60a9b7fd53da0b1bd0118501903650bb5f1638", "label_aggregation_benchmark.Relevance2.peakmem_gold_majority_vote": "5f5916fabc3b14c3bdabc854557c7ebafca1ee9217cff4cddabc8dd5df1da65e", "label_aggregation_benchmark.Relevance2.peakmem_majority_vote": "5f7d206e231aae89f9cd72f2db890099a89e82eef9e2820a0c0d8f4e3ddb5efe", "label_aggregation_benchmark.Relevance2.peakmem_mmsr": "586fc489203a8698ebf76b1fdd33e672de89daed052f26ebc0ee51f3d2b5925c", "label_aggregation_benchmark.Relevance2.peakmem_wawa": "74851db6b519ddfce3cc70216af3da6a65142006c943caeca214b211ac785d41", "label_aggregation_benchmark.Relevance2.peakmem_zbs": "0b38906e5d5119c3c36a58dc75c41c24b4e4b0ecc614743f1618fa43fd33f108", "label_aggregation_benchmark.Relevance2.track_accuracy_dawid_skene": "7e0a657652a7e72d8cb6aef9507ae81cad50d30d418a12ad20e99c3d3c50ef1a", "label_aggregation_benchmark.Relevance2.track_accuracy_gold_majority_vote": "69bd13cf276103040ca16849ee8bdec6c75438df3e592dd47e03e7d129c76a5d", "label_aggregation_benchmark.Relevance2.track_accuracy_majority_vote": "7916e4d5988a8dcb77986cebe3cfbced48c6f347e996ee2048a11a02eac51ada", "label_aggregation_benchmark.Relevance2.track_accuracy_mmsr": "860fd1d24b3cc508a9f9d2c2e0a54b6545bd630b580f2595b093bb9b15592b36",