{"results": {"label_aggregation_benchmark.Relevance2.time_dawid_skene": {"result": [4.89668050750015], "stats": [{"ci_99": [4.773730482498195, 5.019630532502106], "q_25": 4.895451007250131, "q_75": 4.89791000775017, "min": 4.894221507000111, "max": 4.899139508000189, "mean": 4.89668050750015, "std": 0.00245900050003911, "repeat": 2, "number": 1}]}, "label_aggregation_benchmark.Relevance2.time_gold_majority_vote": {"result": [0.8528056094996828], "stats": [{"ci_99": [0.8127796130002025, 0.8862254989999201], "q_25": 0.8463483377497596, "q_75": 0.8725578877495082, "min": 0.8127796130002025, "max": 0.8862254989999201, "mean": 0.8528572994998285, "std": 0.02333751080095551, "repeat": 10, "number": 1}]}, "label_aggregation_benchmark.Relevance2.time_majority_vote": {"result": [0.6600562400003582], "stats": [{"ci_99": [0.5942222379999293, 0.7281468950004637], "q_25": 0.651105434499641, "q_75": 0.6710217315001046, "min": 0.5942222379999293, "max": 0.7281468950004637, "mean": 0.6600977885000248, "std": 0.03218151372355283, "repeat": 10, "number": 1}]}, "label_aggregation_benchmark.Relevance2.time_mmsr": null, "label_aggregation_benchmark.Relevance2.time_wawa": {"result": [1.5378071410000302], "stats": [{"ci_99": [1.4688947200002076, 1.714047947999461], "q_25": 1.5051722324999446, "q_75": 1.568996289250208, "min": 1.4688947200002076, "max": 1.714047947999461, "mean": 1.5602203484999335, "std": 0.07922432543352172, "repeat": 10, "number": 1}]}, "label_aggregation_benchmark.Relevance2.time_zbs": {"result": [9.524096851000195], "stats": [{"ci_99": [-0.810764449020553, 19.858958151020936], "q_25": 9.420748237999987, "q_75": 9.627445464000402, "min": 9.31739962499978, "max": 9.73079407700061, "mean": 9.524096851000195, "std": 0.20669722600041496, "repeat": 2, "number": 1}]}, "label_aggregation_benchmark.Relevance2.peakmem_dawid_skene": 219578368, "label_aggregation_benchmark.Relevance2.peakmem_gold_majority_vote": 197066752, "label_aggregation_benchmark.Relevance2.peakmem_majority_vote": 205721600, "label_aggregation_benchmark.Relevance2.peakmem_mmsr": null, "label_aggregation_benchmark.Relevance2.peakmem_wawa": 217219072, "label_aggregation_benchmark.Relevance2.peakmem_zbs": 226312192, "label_aggregation_benchmark.Relevance2.track_accuracy_dawid_skene": 0.8106955055064987, "label_aggregation_benchmark.Relevance2.track_accuracy_gold_majority_vote": 0.8255779343188808, "label_aggregation_benchmark.Relevance2.track_accuracy_majority_vote": 0.7763667030459371, "label_aggregation_benchmark.Relevance2.track_accuracy_mmsr": null, "label_aggregation_benchmark.Relevance2.track_accuracy_wawa": null, "label_aggregation_benchmark.Relevance2.track_accuracy_zbs": 0.7733902172834607}, "params": {"arch": "x86_64", "cpu": "Intel(R) Xeon(R) Gold 6230 CPU @ 2.10GHz", "machine": "sinosov-vm.sas.yp-c.yandex.net", "num_cpu": "16", "os": "Linux 4.19.100-23", "ram": "16GB", "python": "3.8"}, "requirements": {}, "commit_hash": "7a086376197d66fe439fb3ae3db399b47c3016af", "date": 1623868461000, "env_name": "virtualenv-py3.8", "python": "3.8", "profiles": {}, "started_at": {"label_aggregation_benchmark.Relevance2.time_dawid_skene": 1632150158501, "label_aggregation_benchmark.Relevance2.time_gold_majority_vote": 1632150169033, "label_aggregation_benchmark.Relevance2.time_majority_vote": 1632150175502, "label_aggregation_benchmark.Relevance2.time_mmsr": 1632149988101, "label_aggregation_benchmark.Relevance2.time_wawa": 1632150180870, "label_aggregation_benchmark.Relevance2.time_zbs": 1632150192002, "label_aggregation_benchmark.Relevance2.peakmem_dawid_skene": 1632150078922, "label_aggregation_benchmark.Relevance2.peakmem_gold_majority_vote": 1632150083890, "label_aggregation_benchmark.Relevance2.peakmem_majority_vote": 1632150085097, "label_aggregation_benchmark.Relevance2.peakmem_mmsr": 1632150086054, "label_aggregation_benchmark.Relevance2.peakmem_wawa": 1632150146163, "label_aggregation_benchmark.Relevance2.peakmem_zbs": 1632150148121, "label_aggregation_benchmark.Relevance2.track_accuracy_dawid_skene": 1632150212461, "label_aggregation_benchmark.Relevance2.track_accuracy_gold_majority_vote": 1632150218080, "label_aggregation_benchmark.Relevance2.track_accuracy_majority_vote": 1632150219286, "label_aggregation_benchmark.Relevance2.track_accuracy_mmsr": 1632150220293, "label_aggregation_benchmark.Relevance2.track_accuracy_wawa": 1632150280452, "label_aggregation_benchmark.Relevance2.track_accuracy_zbs": 1632150280707}, "ended_at": {"label_aggregation_benchmark.Relevance2.time_dawid_skene": 1632150169032, "label_aggregation_benchmark.Relevance2.time_gold_majority_vote": 1632150175502, "label_aggregation_benchmark.Relevance2.time_majority_vote": 1632150180869, "label_aggregation_benchmark.Relevance2.time_mmsr": 1632150048281, "label_aggregation_benchmark.Relevance2.time_wawa": 1632150192002, "label_aggregation_benchmark.Relevance2.time_zbs": 1632150212461, "label_aggregation_benchmark.Relevance2.peakmem_dawid_skene": 1632150083889, "label_aggregation_benchmark.Relevance2.peakmem_gold_majority_vote": 1632150085097, "label_aggregation_benchmark.Relevance2.peakmem_majority_vote": 1632150086053, "label_aggregation_benchmark.Relevance2.peakmem_mmsr": 1632150146163, "label_aggregation_benchmark.Relevance2.peakmem_wawa": 1632150148121, "label_aggregation_benchmark.Relevance2.peakmem_zbs": 1632150158501, "label_aggregation_benchmark.Relevance2.track_accuracy_dawid_skene": 1632150218080, "label_aggregation_benchmark.Relevance2.track_accuracy_gold_majority_vote": 1632150219286, "label_aggregation_benchmark.Relevance2.track_accuracy_majority_vote": 1632150220293, "label_aggregation_benchmark.Relevance2.track_accuracy_mmsr": 1632150280452, "label_aggregation_benchmark.Relevance2.track_accuracy_wawa": 1632150280707, "label_aggregation_benchmark.Relevance2.track_accuracy_zbs": 1632150290939}, "benchmark_version": {"label_aggregation_benchmark.Relevance2.time_dawid_skene": "88f5ffd9d32ebcca57bcf651a025ad2a0b691ed8678ddfdc0b7b3c3706ae2841", "label_aggregation_benchmark.Relevance2.time_gold_majority_vote": "a941271c216476d18a69aa535cadb07952260a39843740fe0e24b39da38f2b87", "label_aggregation_benchmark.Relevance2.time_majority_vote": "bf7b878a140af9efeece34d841b277f355e06580d861c68bbc83c5778d378874", "label_aggregation_benchmark.Relevance2.time_mmsr": "5571c05342e9008d9a622d1fd39aab8313ac30d57a0bbc14f8a75fdecf325ec5", "label_aggregation_benchmark.Relevance2.time_wawa": "67cb33c8ffccda0337fde361b5ada33d055cbe734f2d5e18bb3b34175e5dae45", "label_aggregation_benchmark.Relevance2.time_zbs": "439d37a43e482da76ad622b5a5a193a8f7db820344721d397e88445def4fb83e", "label_aggregation_benchmark.Relevance2.peakmem_dawid_skene": "c4518a41f907d2fdca9ec6e25a60a9b7fd53da0b1bd0118501903650bb5f1638", "label_aggregation_benchmark.Relevance2.peakmem_gold_majority_vote": "5f5916fabc3b14c3bdabc854557c7ebafca1ee9217cff4cddabc8dd5df1da65e", "label_aggregation_benchmark.Relevance2.peakmem_majority_vote": "5f7d206e231aae89f9cd72f2db890099a89e82eef9e2820a0c0d8f4e3ddb5efe", "label_aggregation_benchmark.Relevance2.peakmem_mmsr": "586fc489203a8698ebf76b1fdd33e672de89daed052f26ebc0ee51f3d2b5925c", "label_aggregation_benchmark.Relevance2.peakmem_wawa": "74851db6b519ddfce3cc70216af3da6a65142006c943caeca214b211ac785d41", "label_aggregation_benchmark.Relevance2.peakmem_zbs": "0b38906e5d5119c3c36a58dc75c41c24b4e4b0ecc614743f1618fa43fd33f108", "label_aggregation_benchmark.Relevance2.track_accuracy_dawid_skene": "7e0a657652a7e72d8cb6aef9507ae81cad50d30d418a12ad20e99c3d3c50ef1a", "label_aggregation_benchmark.Relevance2.track_accuracy_gold_majority_vote": "69bd13cf276103040ca16849ee8bdec6c75438df3e592dd47e03e7d129c76a5d", "label_aggregation_benchmark.Relevance2.track_accuracy_majority_vote": "7916e4d5988a8dcb77986cebe3cfbced48c6f347e996ee2048a11a02eac51ada", "label_aggregation_benchmark.Relevance2.track_accuracy_mmsr": "860fd1d24b3cc508a9f9d2c2e0a54b6545bd630b580f2595b093bb9b15592b36",