{"results": {"label_aggregation_benchmark.Relevance2.time_dawid_skene": {"result": [5.243249116509105], "stats": [{"ci_99": [2.729176840992295, 7.757321392025913], "q_25": 5.218108393753937, "q_75": 5.268389839264273, "min": 5.192967670998769, "max": 5.293530562019441, "mean": 5.243249116509105, "std": 0.0502814455103362, "repeat": 2, "number": 1}]}, "label_aggregation_benchmark.Relevance2.time_gold_majority_vote": {"result": [0.9474910835124319], "stats": [{"ci_99": [0.8592448370181955, 0.9874902289884631], "q_25": 0.9103327242555679, "q_75": 0.967632958003378, "min": 0.8592448370181955, "max": 0.9874902289884631, "mean": 0.9387601337017258, "std": 0.0387595965560349, "repeat": 10, "number": 1}]}, "label_aggregation_benchmark.Relevance2.time_majority_vote": {"result": [0.6672893859940814], "stats": [{"ci_99": [0.5777291120029986, 0.711455473996466], "q_25": 0.6512700107487035, "q_75": 0.6839912122668466, "min": 0.5777291120029986, "max": 0.711455473996466, "mean": 0.6614240407012403, "std": 0.036002461176261574, "repeat": 10, "number": 1}]}, "label_aggregation_benchmark.Relevance2.time_mmsr": null, "label_aggregation_benchmark.Relevance2.time_wawa": {"result": [1.6743599230103428], "stats": [{"ci_99": [1.5992927920015063, 1.8049112009757664], "q_25": 1.6487986574866227, "q_75": 1.6860110419947887, "min": 1.5992927920015063, "max": 1.8049112009757664, "mean": 1.679353668994736, "std": 0.05800759006950344, "repeat": 10, "number": 1}]}, "label_aggregation_benchmark.Relevance2.time_zbs": {"result": [10.483166538993828], "stats": [{"ci_99": [-8.237107509979978, 29.20344058796762], "q_25": 10.29596379850409, "q_75": 10.670369279483566, "min": 10.108761058014352, "max": 10.857572019973304, "mean": 10.483166538993828, "std": 0.3744054809794761, "repeat": 2, "number": 1}]}, "label_aggregation_benchmark.Relevance2.peakmem_dawid_skene": 219058176, "label_aggregation_benchmark.Relevance2.peakmem_gold_majority_vote": 196960256, "label_aggregation_benchmark.Relevance2.peakmem_majority_vote": 205668352, "label_aggregation_benchmark.Relevance2.peakmem_mmsr": null, "label_aggregation_benchmark.Relevance2.peakmem_wawa": 217444352, "label_aggregation_benchmark.Relevance2.peakmem_zbs": 226230272, "label_aggregation_benchmark.Relevance2.track_accuracy_dawid_skene": 0.8106955055064987, "label_aggregation_benchmark.Relevance2.track_accuracy_gold_majority_vote": 0.8255779343188808, "label_aggregation_benchmark.Relevance2.track_accuracy_majority_vote": 0.7763667030459371, "label_aggregation_benchmark.Relevance2.track_accuracy_mmsr": null, "label_aggregation_benchmark.Relevance2.track_accuracy_wawa": null, "label_aggregation_benchmark.Relevance2.track_accuracy_zbs": 0.7733902172834607}, "params": {"arch": "x86_64", "cpu": "Intel(R) Xeon(R) Gold 6230 CPU @ 2.10GHz", "machine": "vm", "num_cpu": "16", "os": "Linux 4.19.100-23", "ram": "16GB", "python": "3.8"}, "requirements": {}, "commit_hash": "7a086376197d66fe439fb3ae3db399b47c3016af", "date": 1623868461000, "env_name": "virtualenv-py3.8", "python": "3.8", "profiles": {}, "started_at": {"label_aggregation_benchmark.Relevance2.time_dawid_skene": 1632297563322, "label_aggregation_benchmark.Relevance2.time_gold_majority_vote": 1632297574354, "label_aggregation_benchmark.Relevance2.time_majority_vote": 1632297581377, "label_aggregation_benchmark.Relevance2.time_mmsr": 1632297386968, "label_aggregation_benchmark.Relevance2.time_wawa": 1632297586593, "label_aggregation_benchmark.Relevance2.time_zbs": 1632297597826, "label_aggregation_benchmark.Relevance2.peakmem_dawid_skene": 1632297481484, "label_aggregation_benchmark.Relevance2.peakmem_gold_majority_vote": 1632297487454, "label_aggregation_benchmark.Relevance2.peakmem_majority_vote": 1632297488711, "label_aggregation_benchmark.Relevance2.peakmem_mmsr": 1632297489818, "label_aggregation_benchmark.Relevance2.peakmem_wawa": 1632297549979, "label_aggregation_benchmark.Relevance2.peakmem_zbs": 1632297552088, "label_aggregation_benchmark.Relevance2.track_accuracy_dawid_skene": 1632297619038, "label_aggregation_benchmark.Relevance2.track_accuracy_gold_majority_vote": 1632297624756, "label_aggregation_benchmark.Relevance2.track_accuracy_majority_vote": 1632297626013, "label_aggregation_benchmark.Relevance2.track_accuracy_mmsr": 1632297627020, "label_aggregation_benchmark.Relevance2.track_accuracy_wawa": 1632297687191, "label_aggregation_benchmark.Relevance2.track_accuracy_zbs": 1632297687448}, "ended_at": {"label_aggregation_benchmark.Relevance2.time_dawid_skene": 1632297574354, "label_aggregation_benchmark.Relevance2.time_gold_majority_vote": 1632297581376, "label_aggregation_benchmark.Relevance2.time_majority_vote": 1632297586593, "label_aggregation_benchmark.Relevance2.time_mmsr": 1632297447187, "label_aggregation_benchmark.Relevance2.time_wawa": 1632297597826, "label_aggregation_benchmark.Relevance2.time_zbs": 1632297619038, "label_aggregation_benchmark.Relevance2.peakmem_dawid_skene": 1632297487454, "label_aggregation_benchmark.Relevance2.peakmem_gold_majority_vote": 1632297488711, "label_aggregation_benchmark.Relevance2.peakmem_majority_vote": 1632297489818, "label_aggregation_benchmark.Relevance2.peakmem_mmsr": 1632297549979, "label_aggregation_benchmark.Relevance2.peakmem_wawa": 1632297552088, "label_aggregation_benchmark.Relevance2.peakmem_zbs": 1632297563321, "label_aggregation_benchmark.Relevance2.track_accuracy_dawid_skene": 1632297624756, "label_aggregation_benchmark.Relevance2.track_accuracy_gold_majority_vote": 1632297626013, "label_aggregation_benchmark.Relevance2.track_accuracy_majority_vote": 1632297627019, "label_aggregation_benchmark.Relevance2.track_accuracy_mmsr": 1632297687191, "label_aggregation_benchmark.Relevance2.track_accuracy_wawa": 1632297687448, "label_aggregation_benchmark.Relevance2.track_accuracy_zbs": 1632297698484}, "benchmark_version": {"label_aggregation_benchmark.Relevance2.time_dawid_skene": "88f5ffd9d32ebcca57bcf651a025ad2a0b691ed8678ddfdc0b7b3c3706ae2841", "label_aggregation_benchmark.Relevance2.time_gold_majority_vote": "a941271c216476d18a69aa535cadb07952260a39843740fe0e24b39da38f2b87", "label_aggregation_benchmark.Relevance2.time_majority_vote": "bf7b878a140af9efeece34d841b277f355e06580d861c68bbc83c5778d378874", "label_aggregation_benchmark.Relevance2.time_mmsr": "5571c05342e9008d9a622d1fd39aab8313ac30d57a0bbc14f8a75fdecf325ec5", "label_aggregation_benchmark.Relevance2.time_wawa": "67cb33c8ffccda0337fde361b5ada33d055cbe734f2d5e18bb3b34175e5dae45", "label_aggregation_benchmark.Relevance2.time_zbs": "439d37a43e482da76ad622b5a5a193a8f7db820344721d397e88445def4fb83e", "label_aggregation_benchmark.Relevance2.peakmem_dawid_skene": "c4518a41f907d2fdca9ec6e25a60a9b7fd53da0b1bd0118501903650bb5f1638", "label_aggregation_benchmark.Relevance2.peakmem_gold_majority_vote": "5f5916fabc3b14c3bdabc854557c7ebafca1ee9217cff4cddabc8dd5df1da65e", "label_aggregation_benchmark.Relevance2.peakmem_majority_vote": "5f7d206e231aae89f9cd72f2db890099a89e82eef9e2820a0c0d8f4e3ddb5efe", "label_aggregation_benchmark.Relevance2.peakmem_mmsr": "586fc489203a8698ebf76b1fdd33e672de89daed052f26ebc0ee51f3d2b5925c", "label_aggregation_benchmark.Relevance2.peakmem_wawa": "74851db6b519ddfce3cc70216af3da6a65142006c943caeca214b211ac785d41", "label_aggregation_benchmark.Relevance2.peakmem_zbs": "0b38906e5d5119c3c36a58dc75c41c24b4e4b0ecc614743f1618fa43fd33f108", "label_aggregation_benchmark.Relevance2.track_accuracy_dawid_skene": "7e0a657652a7e72d8cb6aef9507ae81cad50d30d418a12ad20e99c3d3c50ef1a", "label_aggregation_benchmark.Relevance2.track_accuracy_gold_majority_vote": "69bd13cf276103040ca16849ee8bdec6c75438df3e592dd47e03e7d129c76a5d", "label_aggregation_benchmark.Relevance2.track_accuracy_majority_vote": "7916e4d5988a8dcb77986cebe3cfbced48c6f347e996ee2048a11a02eac51ada", "label_aggregation_benchmark.Relevance2.track_accuracy_mmsr": "860fd1d24b3cc508a9f9d2c2e0a54b6545bd630b580f2595b093bb9b15592b36",