{"results": {"label_aggregation_benchmark.Relevance2.time_dawid_skene": {"result": [5.0823340179922525], "stats": [{"ci_99": [-6.612691182614071, 16.777359218598566], "q_25": 4.965383765986189, "q_75": 5.199284269998316, "min": 4.848433513980126, "max": 5.316234522004379, "mean": 5.0823340179922525, "std": 0.23390050401212648, "repeat": 2, "number": 1}]}, "label_aggregation_benchmark.Relevance2.time_gold_majority_vote": {"result": [0.8908331639977405], "stats": [{"ci_99": [0.8264858729962725, 0.9783946039970033], "q_25": 0.8601741064994712, "q_75": 0.9157795577411889, "min": 0.8264858729962725, "max": 0.9783946039970033, "mean": 0.8961091699980898, "std": 0.0461742358175482, "repeat": 10, "number": 1}]}, "label_aggregation_benchmark.Relevance2.time_majority_vote": {"result": [0.6630792235082481], "stats": [{"ci_99": [0.650153605005471, 0.7175543959892821], "q_25": 0.656239563752024, "q_75": 0.6964871099844459, "min": 0.650153605005471, "max": 0.7175543959892821, "mean": 0.6743413616000907, "std": 0.02419247197830147, "repeat": 10, "number": 1}]}, "label_aggregation_benchmark.Relevance2.time_mmsr": null, "label_aggregation_benchmark.Relevance2.time_wawa": {"result": [1.6686808539816411], "stats": [{"ci_99": [1.5285856460104696, 1.952582297992194], "q_25": 1.6180274825019296, "q_75": 1.7593259290006245, "min": 1.5285856460104696, "max": 1.952582297992194, "mean": 1.7027280193957268, "std": 0.11952112032380392, "repeat": 10, "number": 1}]}, "label_aggregation_benchmark.Relevance2.time_zbs": {"result": [10.033947637493839], "stats": [{"ci_99": [4.007499411745812, 16.060395863241858], "q_25": 9.973683155236358, "q_75": 10.094212119751319, "min": 9.913418672978878, "max": 10.154476602008799, "mean": 10.033947637493839, "std": 0.12052896451496053, "repeat": 2, "number": 1}]}, "label_aggregation_benchmark.Relevance2.peakmem_dawid_skene": 219635712, "label_aggregation_benchmark.Relevance2.peakmem_gold_majority_vote": 197222400, "label_aggregation_benchmark.Relevance2.peakmem_majority_vote": 206008320, "label_aggregation_benchmark.Relevance2.peakmem_mmsr": null, "label_aggregation_benchmark.Relevance2.peakmem_wawa": 217509888, "label_aggregation_benchmark.Relevance2.peakmem_zbs": 226467840, "label_aggregation_benchmark.Relevance2.track_accuracy_dawid_skene": 0.8106955055064987, "label_aggregation_benchmark.Relevance2.track_accuracy_gold_majority_vote": 0.8255779343188808, "label_aggregation_benchmark.Relevance2.track_accuracy_majority_vote": 0.7763667030459371, "label_aggregation_benchmark.Relevance2.track_accuracy_mmsr": null, "label_aggregation_benchmark.Relevance2.track_accuracy_wawa": null, "label_aggregation_benchmark.Relevance2.track_accuracy_zbs": 0.7733902172834607}, "params": {"arch": "x86_64", "cpu": "Intel(R) Xeon(R) Gold 6230 CPU @ 2.10GHz", "machine": "vm", "num_cpu": "16", "os": "Linux 4.19.100-23", "ram": "16GB", "python": "3.8"}, "requirements": {}, "commit_hash": "80930cc3dd180652b3690c8f6a331e2a62651d7b", "date": 1623947554000, "env_name": "virtualenv-py3.8", "python": "3.8", "profiles": {}, "started_at": {"label_aggregation_benchmark.Relevance2.time_dawid_skene": 1632296892140, "label_aggregation_benchmark.Relevance2.time_gold_majority_vote": 1632296902573, "label_aggregation_benchmark.Relevance2.time_majority_vote": 1632296909195, "label_aggregation_benchmark.Relevance2.time_mmsr": 1632296716439, "label_aggregation_benchmark.Relevance2.time_wawa": 1632296914614, "label_aggregation_benchmark.Relevance2.time_zbs": 1632296925800, "label_aggregation_benchmark.Relevance2.peakmem_dawid_skene": 1632296810703, "label_aggregation_benchmark.Relevance2.peakmem_gold_majority_vote": 1632296816772, "label_aggregation_benchmark.Relevance2.peakmem_majority_vote": 1632296818079, "label_aggregation_benchmark.Relevance2.peakmem_mmsr": 1632296819135, "label_aggregation_benchmark.Relevance2.peakmem_wawa": 1632296879295, "label_aggregation_benchmark.Relevance2.peakmem_zbs": 1632296881307, "label_aggregation_benchmark.Relevance2.track_accuracy_dawid_skene": 1632296946309, "label_aggregation_benchmark.Relevance2.track_accuracy_gold_majority_vote": 1632296951729, "label_aggregation_benchmark.Relevance2.track_accuracy_majority_vote": 1632296952937, "label_aggregation_benchmark.Relevance2.track_accuracy_mmsr": 1632296953945, "label_aggregation_benchmark.Relevance2.track_accuracy_wawa": 1632297014056, "label_aggregation_benchmark.Relevance2.track_accuracy_zbs": 1632297014360}, "ended_at": {"label_aggregation_benchmark.Relevance2.time_dawid_skene": 1632296902573, "label_aggregation_benchmark.Relevance2.time_gold_majority_vote": 1632296909195, "label_aggregation_benchmark.Relevance2.time_majority_vote": 1632296914613, "label_aggregation_benchmark.Relevance2.time_mmsr": 1632296776601, "label_aggregation_benchmark.Relevance2.time_wawa": 1632296925800, "label_aggregation_benchmark.Relevance2.time_zbs": 1632296946309, "label_aggregation_benchmark.Relevance2.peakmem_dawid_skene": 1632296816772, "label_aggregation_benchmark.Relevance2.peakmem_gold_majority_vote": 1632296818079, "label_aggregation_benchmark.Relevance2.peakmem_majority_vote": 1632296819135, "label_aggregation_benchmark.Relevance2.peakmem_mmsr": 1632296879295, "label_aggregation_benchmark.Relevance2.peakmem_wawa": 1632296881306, "label_aggregation_benchmark.Relevance2.peakmem_zbs": 1632296892140, "label_aggregation_benchmark.Relevance2.track_accuracy_dawid_skene": 1632296951729, "label_aggregation_benchmark.Relevance2.track_accuracy_gold_majority_vote": 1632296952937, "label_aggregation_benchmark.Relevance2.track_accuracy_majority_vote": 1632296953945, "label_aggregation_benchmark.Relevance2.track_accuracy_mmsr": 1632297014055, "label_aggregation_benchmark.Relevance2.track_accuracy_wawa": 1632297014360, "label_aggregation_benchmark.Relevance2.track_accuracy_zbs": 1632297025093}, "benchmark_version": {"label_aggregation_benchmark.Relevance2.time_dawid_skene": "88f5ffd9d32ebcca57bcf651a025ad2a0b691ed8678ddfdc0b7b3c3706ae2841", "label_aggregation_benchmark.Relevance2.time_gold_majority_vote": "a941271c216476d18a69aa535cadb07952260a39843740fe0e24b39da38f2b87", "label_aggregation_benchmark.Relevance2.time_majority_vote": "bf7b878a140af9efeece34d841b277f355e06580d861c68bbc83c5778d378874", "label_aggregation_benchmark.Relevance2.time_mmsr": "5571c05342e9008d9a622d1fd39aab8313ac30d57a0bbc14f8a75fdecf325ec5", "label_aggregation_benchmark.Relevance2.time_wawa": "67cb33c8ffccda0337fde361b5ada33d055cbe734f2d5e18bb3b34175e5dae45", "label_aggregation_benchmark.Relevance2.time_zbs": "439d37a43e482da76ad622b5a5a193a8f7db820344721d397e88445def4fb83e", "label_aggregation_benchmark.Relevance2.peakmem_dawid_skene": "c4518a41f907d2fdca9ec6e25a60a9b7fd53da0b1bd0118501903650bb5f1638", "label_aggregation_benchmark.Relevance2.peakmem_gold_majority_vote": "5f5916fabc3b14c3bdabc854557c7ebafca1ee9217cff4cddabc8dd5df1da65e", "label_aggregation_benchmark.Relevance2.peakmem_majority_vote": "5f7d206e231aae89f9cd72f2db890099a89e82eef9e2820a0c0d8f4e3ddb5efe", "label_aggregation_benchmark.Relevance2.peakmem_mmsr": "586fc489203a8698ebf76b1fdd33e672de89daed052f26ebc0ee51f3d2b5925c", "label_aggregation_benchmark.Relevance2.peakmem_wawa": "74851db6b519ddfce3cc70216af3da6a65142006c943caeca214b211ac785d41", "label_aggregation_benchmark.Relevance2.peakmem_zbs": "0b38906e5d5119c3c36a58dc75c41c24b4e4b0ecc614743f1618fa43fd33f108", "label_aggregation_benchmark.Relevance2.track_accuracy_dawid_skene": "7e0a657652a7e72d8cb6aef9507ae81cad50d30d418a12ad20e99c3d3c50ef1a", "label_aggregation_benchmark.Relevance2.track_accuracy_gold_majority_vote": "69bd13cf276103040ca16849ee8bdec6c75438df3e592dd47e03e7d129c76a5d", "label_aggregation_benchmark.Relevance2.track_accuracy_majority_vote": "7916e4d5988a8dcb77986cebe3cfbced48c6f347e996ee2048a11a02eac51ada", "label_aggregation_benchmark.Relevance2.track_accuracy_mmsr": "860fd1d24b3cc508a9f9d2c2e0a54b6545bd630b580f2595b093bb9b15592b36",