{"results": {"label_aggregation_benchmark.Relevance2.time_dawid_skene": {"result": [5.233977869997034], "stats": [{"ci_99": [-11.457810330117354, 21.925766070111408], "q_25": 5.06705998799589, "q_75": 5.400895751998178, "min": 4.900142105994746, "max": 5.567813633999322, "mean": 5.233977869997034, "std": 0.33383576400228776, "repeat": 2, "number": 1}]}, "label_aggregation_benchmark.Relevance2.time_gold_majority_vote": {"result": [0.8928466379875317], "stats": [{"ci_99": [0.8388865919841919, 0.9535244509752374], "q_25": 0.8564068900159327, "q_75": 0.9387024322641082, "min": 0.8388865919841919, "max": 0.9535244509752374, "mean": 0.8968889579962707, "std": 0.043430329056036374, "repeat": 10, "number": 1}]}, "label_aggregation_benchmark.Relevance2.time_majority_vote": {"result": [0.7067550050123828], "stats": [{"ci_99": [0.6647057399968617, 0.7571196650096681], "q_25": 0.6722472374967765, "q_75": 0.7288249419871136, "min": 0.6647057399968617, "max": 0.7571196650096681, "mean": 0.705565064001712, "std": 0.03382882872978167, "repeat": 10, "number": 1}]}, "label_aggregation_benchmark.Relevance2.time_mmsr": null, "label_aggregation_benchmark.Relevance2.time_wawa": {"result": [1.6313370790157933], "stats": [{"ci_99": [1.5256906029826496, 1.7606007589783985], "q_25": 1.6101558207446942, "q_75": 1.7163537314991117, "min": 1.5256906029826496, "max": 1.7606007589783985, "mean": 1.646717809297843, "std": 0.07846321669600807, "repeat": 10, "number": 1}]}, "label_aggregation_benchmark.Relevance2.time_zbs": {"result": [10.167398333520396], "stats": [{"ci_99": [-1.826001691428246, 22.160798358469027], "q_25": 10.04746433327091, "q_75": 10.287332333769882, "min": 9.927530333021423, "max": 10.407266334019369, "mean": 10.167398333520396, "std": 0.23986800049897283, "repeat": 2, "number": 1}]}, "label_aggregation_benchmark.Relevance2.peakmem_dawid_skene": 218161152, "label_aggregation_benchmark.Relevance2.peakmem_gold_majority_vote": 211226624, "label_aggregation_benchmark.Relevance2.peakmem_majority_vote": 206737408, "label_aggregation_benchmark.Relevance2.peakmem_mmsr": null, "label_aggregation_benchmark.Relevance2.peakmem_wawa": 218161152, "label_aggregation_benchmark.Relevance2.peakmem_zbs": 238977024, "label_aggregation_benchmark.Relevance2.track_accuracy_dawid_skene": 0.8106955055064987, "label_aggregation_benchmark.Relevance2.track_accuracy_gold_majority_vote": 0.8255779343188808, "label_aggregation_benchmark.Relevance2.track_accuracy_majority_vote": 0.7763667030459371, "label_aggregation_benchmark.Relevance2.track_accuracy_mmsr": null, "label_aggregation_benchmark.Relevance2.track_accuracy_wawa": null, "label_aggregation_benchmark.Relevance2.track_accuracy_zbs": 0.7733902172834607}, "params": {"arch": "x86_64", "cpu": "Intel(R) Xeon(R) Gold 6230 CPU @ 2.10GHz", "machine": "vm", "num_cpu": "16", "os": "Linux 4.19.100-23", "ram": "16GB", "python": "3.8"}, "requirements": {}, "commit_hash": "9ddbabb4e3ff0feaeeea448044a167f74bea3211", "date": 1617826696000, "env_name": "virtualenv-py3.8", "python": "3.8", "profiles": {}, "started_at": {"label_aggregation_benchmark.Relevance2.time_dawid_skene": 1632299913101, "label_aggregation_benchmark.Relevance2.time_gold_majority_vote": 1632299924540, "label_aggregation_benchmark.Relevance2.time_majority_vote": 1632299931614, "label_aggregation_benchmark.Relevance2.time_mmsr": 1632299740786, "label_aggregation_benchmark.Relevance2.time_wawa": 1632299937437, "label_aggregation_benchmark.Relevance2.time_zbs": 1632299949175, "label_aggregation_benchmark.Relevance2.peakmem_dawid_skene": 1632299832651, "label_aggregation_benchmark.Relevance2.peakmem_gold_majority_vote": 1632299837769, "label_aggregation_benchmark.Relevance2.peakmem_majority_vote": 1632299839027, "label_aggregation_benchmark.Relevance2.peakmem_mmsr": 1632299839984, "label_aggregation_benchmark.Relevance2.peakmem_wawa": 1632299900155, "label_aggregation_benchmark.Relevance2.peakmem_zbs": 1632299902316, "label_aggregation_benchmark.Relevance2.track_accuracy_dawid_skene": 1632299970738, "label_aggregation_benchmark.Relevance2.track_accuracy_gold_majority_vote": 1632299976108, "label_aggregation_benchmark.Relevance2.track_accuracy_majority_vote": 1632299977416, "label_aggregation_benchmark.Relevance2.track_accuracy_mmsr": 1632299978424, "label_aggregation_benchmark.Relevance2.track_accuracy_wawa": 1632300038588, "label_aggregation_benchmark.Relevance2.track_accuracy_zbs": 1632300038894}, "ended_at": {"label_aggregation_benchmark.Relevance2.time_dawid_skene": 1632299924539, "label_aggregation_benchmark.Relevance2.time_gold_majority_vote": 1632299931614, "label_aggregation_benchmark.Relevance2.time_majority_vote": 1632299937436, "label_aggregation_benchmark.Relevance2.time_mmsr": 1632299800952, "label_aggregation_benchmark.Relevance2.time_wawa": 1632299949174, "label_aggregation_benchmark.Relevance2.time_zbs": 1632299970738, "label_aggregation_benchmark.Relevance2.peakmem_dawid_skene": 1632299837768, "label_aggregation_benchmark.Relevance2.peakmem_gold_majority_vote": 1632299839026, "label_aggregation_benchmark.Relevance2.peakmem_majority_vote": 1632299839984, "label_aggregation_benchmark.Relevance2.peakmem_mmsr": 1632299900155, "label_aggregation_benchmark.Relevance2.peakmem_wawa": 1632299902316, "label_aggregation_benchmark.Relevance2.peakmem_zbs": 1632299913101, "label_aggregation_benchmark.Relevance2.track_accuracy_dawid_skene": 1632299976108, "label_aggregation_benchmark.Relevance2.track_accuracy_gold_majority_vote": 1632299977416, "label_aggregation_benchmark.Relevance2.track_accuracy_majority_vote": 1632299978423, "label_aggregation_benchmark.Relevance2.track_accuracy_mmsr": 1632300038588, "label_aggregation_benchmark.Relevance2.track_accuracy_wawa": 1632300038893, "label_aggregation_benchmark.Relevance2.track_accuracy_zbs": 1632300049879}, "benchmark_version": {"label_aggregation_benchmark.Relevance2.time_dawid_skene": "88f5ffd9d32ebcca57bcf651a025ad2a0b691ed8678ddfdc0b7b3c3706ae2841", "label_aggregation_benchmark.Relevance2.time_gold_majority_vote": "a941271c216476d18a69aa535cadb07952260a39843740fe0e24b39da38f2b87", "label_aggregation_benchmark.Relevance2.time_majority_vote": "bf7b878a140af9efeece34d841b277f355e06580d861c68bbc83c5778d378874", "label_aggregation_benchmark.Relevance2.time_mmsr": "5571c05342e9008d9a622d1fd39aab8313ac30d57a0bbc14f8a75fdecf325ec5", "label_aggregation_benchmark.Relevance2.time_wawa": "67cb33c8ffccda0337fde361b5ada33d055cbe734f2d5e18bb3b34175e5dae45", "label_aggregation_benchmark.Relevance2.time_zbs": "439d37a43e482da76ad622b5a5a193a8f7db820344721d397e88445def4fb83e", "label_aggregation_benchmark.Relevance2.peakmem_dawid_skene": "c4518a41f907d2fdca9ec6e25a60a9b7fd53da0b1bd0118501903650bb5f1638", "label_aggregation_benchmark.Relevance2.peakmem_gold_majority_vote": "5f5916fabc3b14c3bdabc854557c7ebafca1ee9217cff4cddabc8dd5df1da65e", "label_aggregation_benchmark.Relevance2.peakmem_majority_vote": "5f7d206e231aae89f9cd72f2db890099a89e82eef9e2820a0c0d8f4e3ddb5efe", "label_aggregation_benchmark.Relevance2.peakmem_mmsr": "586fc489203a8698ebf76b1fdd33e672de89daed052f26ebc0ee51f3d2b5925c", "label_aggregation_benchmark.Relevance2.peakmem_wawa": "74851db6b519ddfce3cc70216af3da6a65142006c943caeca214b211ac785d41", "label_aggregation_benchmark.Relevance2.peakmem_zbs": "0b38906e5d5119c3c36a58dc75c41c24b4e4b0ecc614743f1618fa43fd33f108", "label_aggregation_benchmark.Relevance2.track_accuracy_dawid_skene": "7e0a657652a7e72d8cb6aef9507ae81cad50d30d418a12ad20e99c3d3c50ef1a", "label_aggregation_benchmark.Relevance2.track_accuracy_gold_majority_vote": "69bd13cf276103040ca16849ee8bdec6c75438df3e592dd47e03e7d129c76a5d", "label_aggregation_benchmark.Relevance2.track_accuracy_majority_vote": "7916e4d5988a8dcb77986cebe3cfbced48c6f347e996ee2048a11a02eac51ada", "label_aggregation_benchmark.Relevance2.track_accuracy_mmsr": "860fd1d24b3cc508a9f9d2c2e0a54b6545bd630b580f2595b093bb9b15592b36",