{"results": {"label_aggregation_benchmark.Relevance2.time_dawid_skene": {"result": [5.308440011489438], "stats": [{"ci_99": [-3.5773423635109793, 14.194222386489848], "q_25": 5.219582187739434, "q_75": 5.397297835239442, "min": 5.1307243639894295, "max": 5.486155658989446, "mean": 5.308440011489438, "std": 0.17771564750000834, "repeat": 2, "number": 1}]}, "label_aggregation_benchmark.Relevance2.time_gold_majority_vote": {"result": [0.9332461304875324], "stats": [{"ci_99": [0.8680091419955716, 1.0368369969946798], "q_25": 0.9041852077498334, "q_75": 0.9675155612421804, "min": 0.8680091419955716, "max": 1.0368369969946798, "mean": 0.9409414198948071, "std": 0.04910204752440514, "repeat": 10, "number": 1}]}, "label_aggregation_benchmark.Relevance2.time_majority_vote": {"result": [0.6984802709921496], "stats": [{"ci_99": [0.6004547940101475, 0.7837833000230603], "q_25": 0.6638039447570918, "q_75": 0.7376359139889246, "min": 0.6004547940101475, "max": 0.7837833000230603, "mean": 0.6973870431014803, "std": 0.05309128949853991, "repeat": 10, "number": 1}]}, "label_aggregation_benchmark.Relevance2.time_mmsr": null, "label_aggregation_benchmark.Relevance2.time_wawa": {"result": [1.697785931508406], "stats": [{"ci_99": [1.589005101006478, 1.7704020870150998], "q_25": 1.680700146003801, "q_75": 1.7321048349913326, "min": 1.589005101006478, "max": 1.7704020870150998, "mean": 1.6977007451059762, "std": 0.04923480879368569, "repeat": 10, "number": 1}]}, "label_aggregation_benchmark.Relevance2.time_zbs": {"result": [10.253764145003515], "stats": [{"ci_99": [5.534235495273606, 14.973292794733421], "q_25": 10.206568858506216, "q_75": 10.300959431500814, "min": 10.159373572008917, "max": 10.348154717998113, "mean": 10.253764145003515, "std": 0.09439057299459819, "repeat": 2, "number": 1}]}, "label_aggregation_benchmark.Relevance2.peakmem_dawid_skene": 217178112, "label_aggregation_benchmark.Relevance2.peakmem_gold_majority_vote": 197009408, "label_aggregation_benchmark.Relevance2.peakmem_majority_vote": 205742080, "label_aggregation_benchmark.Relevance2.peakmem_mmsr": null, "label_aggregation_benchmark.Relevance2.peakmem_wawa": 217161728, "label_aggregation_benchmark.Relevance2.peakmem_zbs": 226238464, "label_aggregation_benchmark.Relevance2.track_accuracy_dawid_skene": 0.8106955055064987, "label_aggregation_benchmark.Relevance2.track_accuracy_gold_majority_vote": 0.8255779343188808, "label_aggregation_benchmark.Relevance2.track_accuracy_majority_vote": 0.7763667030459371, "label_aggregation_benchmark.Relevance2.track_accuracy_mmsr": null, "label_aggregation_benchmark.Relevance2.track_accuracy_wawa": null, "label_aggregation_benchmark.Relevance2.track_accuracy_zbs": 0.7733902172834607}, "params": {"arch": "x86_64", "cpu": "Intel(R) Xeon(R) Gold 6230 CPU @ 2.10GHz", "machine": "vm", "num_cpu": "16", "os": "Linux 4.19.100-23", "ram": "16GB", "python": "3.8"}, "requirements": {}, "commit_hash": "c70ae6bc77ea8ee4945b02dbb897e782f49bdb0b", "date": 1623094916000, "env_name": "virtualenv-py3.8", "python": "3.8", "profiles": {}, "started_at": {"label_aggregation_benchmark.Relevance2.time_dawid_skene": 1632298571838, "label_aggregation_benchmark.Relevance2.time_gold_majority_vote": 1632298583427, "label_aggregation_benchmark.Relevance2.time_majority_vote": 1632298590705, "label_aggregation_benchmark.Relevance2.time_mmsr": 1632298396918, "label_aggregation_benchmark.Relevance2.time_wawa": 1632298596376, "label_aggregation_benchmark.Relevance2.time_zbs": 1632298607711, "label_aggregation_benchmark.Relevance2.peakmem_dawid_skene": 1632298490835, "label_aggregation_benchmark.Relevance2.peakmem_gold_majority_vote": 1632298496404, "label_aggregation_benchmark.Relevance2.peakmem_majority_vote": 1632298497612, "label_aggregation_benchmark.Relevance2.peakmem_mmsr": 1632298498569, "label_aggregation_benchmark.Relevance2.peakmem_wawa": 1632298558742, "label_aggregation_benchmark.Relevance2.peakmem_zbs": 1632298560702, "label_aggregation_benchmark.Relevance2.track_accuracy_dawid_skene": 1632298629529, "label_aggregation_benchmark.Relevance2.track_accuracy_gold_majority_vote": 1632298635250, "label_aggregation_benchmark.Relevance2.track_accuracy_majority_vote": 1632298636558, "label_aggregation_benchmark.Relevance2.track_accuracy_mmsr": 1632298637566, "label_aggregation_benchmark.Relevance2.track_accuracy_wawa": 1632298697734, "label_aggregation_benchmark.Relevance2.track_accuracy_zbs": 1632298698040}, "ended_at": {"label_aggregation_benchmark.Relevance2.time_dawid_skene": 1632298583427, "label_aggregation_benchmark.Relevance2.time_gold_majority_vote": 1632298590705, "label_aggregation_benchmark.Relevance2.time_majority_vote": 1632298596375, "label_aggregation_benchmark.Relevance2.time_mmsr": 1632298457133, "label_aggregation_benchmark.Relevance2.time_wawa": 1632298607711, "label_aggregation_benchmark.Relevance2.time_zbs": 1632298629528, "label_aggregation_benchmark.Relevance2.peakmem_dawid_skene": 1632298496404, "label_aggregation_benchmark.Relevance2.peakmem_gold_majority_vote": 1632298497612, "label_aggregation_benchmark.Relevance2.peakmem_majority_vote": 1632298498569, "label_aggregation_benchmark.Relevance2.peakmem_mmsr": 1632298558741, "label_aggregation_benchmark.Relevance2.peakmem_wawa": 1632298560701, "label_aggregation_benchmark.Relevance2.peakmem_zbs": 1632298571837, "label_aggregation_benchmark.Relevance2.track_accuracy_dawid_skene": 1632298635250, "label_aggregation_benchmark.Relevance2.track_accuracy_gold_majority_vote": 1632298636558, "label_aggregation_benchmark.Relevance2.track_accuracy_majority_vote": 1632298637566, "label_aggregation_benchmark.Relevance2.track_accuracy_mmsr": 1632298697734, "label_aggregation_benchmark.Relevance2.track_accuracy_wawa": 1632298698039, "label_aggregation_benchmark.Relevance2.track_accuracy_zbs": 1632298709628}, "benchmark_version": {"label_aggregation_benchmark.Relevance2.time_dawid_skene": "88f5ffd9d32ebcca57bcf651a025ad2a0b691ed8678ddfdc0b7b3c3706ae2841", "label_aggregation_benchmark.Relevance2.time_gold_majority_vote": "a941271c216476d18a69aa535cadb07952260a39843740fe0e24b39da38f2b87", "label_aggregation_benchmark.Relevance2.time_majority_vote": "bf7b878a140af9efeece34d841b277f355e06580d861c68bbc83c5778d378874", "label_aggregation_benchmark.Relevance2.time_mmsr": "5571c05342e9008d9a622d1fd39aab8313ac30d57a0bbc14f8a75fdecf325ec5", "label_aggregation_benchmark.Relevance2.time_wawa": "67cb33c8ffccda0337fde361b5ada33d055cbe734f2d5e18bb3b34175e5dae45", "label_aggregation_benchmark.Relevance2.time_zbs": "439d37a43e482da76ad622b5a5a193a8f7db820344721d397e88445def4fb83e", "label_aggregation_benchmark.Relevance2.peakmem_dawid_skene": "c4518a41f907d2fdca9ec6e25a60a9b7fd53da0b1bd0118501903650bb5f1638", "label_aggregation_benchmark.Relevance2.peakmem_gold_majority_vote": "5f5916fabc3b14c3bdabc854557c7ebafca1ee9217cff4cddabc8dd5df1da65e", "label_aggregation_benchmark.Relevance2.peakmem_majority_vote": "5f7d206e231aae89f9cd72f2db890099a89e82eef9e2820a0c0d8f4e3ddb5efe", "label_aggregation_benchmark.Relevance2.peakmem_mmsr": "586fc489203a8698ebf76b1fdd33e672de89daed052f26ebc0ee51f3d2b5925c", "label_aggregation_benchmark.Relevance2.peakmem_wawa": "74851db6b519ddfce3cc70216af3da6a65142006c943caeca214b211ac785d41", "label_aggregation_benchmark.Relevance2.peakmem_zbs": "0b38906e5d5119c3c36a58dc75c41c24b4e4b0ecc614743f1618fa43fd33f108", "label_aggregation_benchmark.Relevance2.track_accuracy_dawid_skene": "7e0a657652a7e72d8cb6aef9507ae81cad50d30d418a12ad20e99c3d3c50ef1a", "label_aggregation_benchmark.Relevance2.track_accuracy_gold_majority_vote": "69bd13cf276103040ca16849ee8bdec6c75438df3e592dd47e03e7d129c76a5d", "label_aggregation_benchmark.Relevance2.track_accuracy_majority_vote": "7916e4d5988a8dcb77986cebe3cfbced48c6f347e996ee2048a11a02eac51ada", "label_aggregation_benchmark.Relevance2.track_accuracy_mmsr": "860fd1d24b3cc508a9f9d2c2e0a54b6545bd630b580f2595b093bb9b15592b36",