{"results": {"label_aggregation_benchmark.Relevance2.time_dawid_skene": {"result": [5.2248767415003385], "stats": [{"ci_99": [-4.398805383447325, 14.848558866447993], "q_25": 5.128639920250862, "q_75": 5.321113562749815, "min": 5.032403099001385, "max": 5.417350383999292, "mean": 5.2248767415003385, "std": 0.19247364249895327, "repeat": 2, "number": 1}]}, "label_aggregation_benchmark.Relevance2.time_gold_majority_vote": {"result": [0.9096043660101714], "stats": [{"ci_99": [0.8651819359802175, 1.0011568889894988], "q_25": 0.8919078467588406, "q_75": 0.9474604847491719, "min": 0.8651819359802175, "max": 1.0011568889894988, "mean": 0.920814804598922, "std": 0.0430620294078473, "repeat": 10, "number": 1}]}, "label_aggregation_benchmark.Relevance2.time_majority_vote": {"result": [0.7189212539960863], "stats": [{"ci_99": [0.6478214650123846, 0.909777180000674], "q_25": 0.6875101225014077, "q_75": 0.7329070055056945, "min": 0.6478214650123846, "max": 0.909777180000674, "mean": 0.7267611504037632, "std": 0.06965090433508493, "repeat": 10, "number": 1}]}, "label_aggregation_benchmark.Relevance2.time_mmsr": null, "label_aggregation_benchmark.Relevance2.time_wawa": {"result": [1.7089933115057647], "stats": [{"ci_99": [1.5914139050000813, 1.826454296009615], "q_25": 1.6482499862468103, "q_75": 1.727826940259547, "min": 1.5914139050000813, "max": 1.826454296009615, "mean": 1.6979117521026637, "std": 0.0627610541985495, "repeat": 10, "number": 1}]}, "label_aggregation_benchmark.Relevance2.time_zbs": {"result": [10.581924068988883], "stats": [{"ci_99": [0.7865109689155361, 20.377337169062223], "q_25": 10.48396993798815, "q_75": 10.679878199989616, "min": 10.386015806987416, "max": 10.77783233099035, "mean": 10.581924068988883, "std": 0.19590826200146694, "repeat": 2, "number": 1}]}, "label_aggregation_benchmark.Relevance2.peakmem_dawid_skene": 219430912, "label_aggregation_benchmark.Relevance2.peakmem_gold_majority_vote": 211210240, "label_aggregation_benchmark.Relevance2.peakmem_majority_vote": 206819328, "label_aggregation_benchmark.Relevance2.peakmem_mmsr": null, "label_aggregation_benchmark.Relevance2.peakmem_wawa": 218243072, "label_aggregation_benchmark.Relevance2.peakmem_zbs": 239222784, "label_aggregation_benchmark.Relevance2.track_accuracy_dawid_skene": 0.8106955055064987, "label_aggregation_benchmark.Relevance2.track_accuracy_gold_majority_vote": 0.8255779343188808, "label_aggregation_benchmark.Relevance2.track_accuracy_majority_vote": 0.7763667030459371, "label_aggregation_benchmark.Relevance2.track_accuracy_mmsr": null, "label_aggregation_benchmark.Relevance2.track_accuracy_wawa": null, "label_aggregation_benchmark.Relevance2.track_accuracy_zbs": 0.7733902172834607}, "params": {"arch": "x86_64", "cpu": "Intel(R) Xeon(R) Gold 6230 CPU @ 2.10GHz", "machine": "vm", "num_cpu": "16", "os": "Linux 4.19.100-23", "ram": "16GB", "python": "3.8"}, "requirements": {}, "commit_hash": "d569426914da05aa932db8c1f22e1812d5e62429", "date": 1618238105000, "env_name": "virtualenv-py3.8", "python": "3.8", "profiles": {}, "started_at": {"label_aggregation_benchmark.Relevance2.time_dawid_skene": 1632299576613, "label_aggregation_benchmark.Relevance2.time_gold_majority_vote": 1632299588398, "label_aggregation_benchmark.Relevance2.time_majority_vote": 1632299595572, "label_aggregation_benchmark.Relevance2.time_mmsr": 1632299402307, "label_aggregation_benchmark.Relevance2.time_wawa": 1632299601240, "label_aggregation_benchmark.Relevance2.time_zbs": 1632299612875, "label_aggregation_benchmark.Relevance2.peakmem_dawid_skene": 1632299495368, "label_aggregation_benchmark.Relevance2.peakmem_gold_majority_vote": 1632299500737, "label_aggregation_benchmark.Relevance2.peakmem_majority_vote": 1632299502096, "label_aggregation_benchmark.Relevance2.peakmem_mmsr": 1632299503102, "label_aggregation_benchmark.Relevance2.peakmem_wawa": 1632299563269, "label_aggregation_benchmark.Relevance2.peakmem_zbs": 1632299565229, "label_aggregation_benchmark.Relevance2.track_accuracy_dawid_skene": 1632299634738, "label_aggregation_benchmark.Relevance2.track_accuracy_gold_majority_vote": 1632299640607, "label_aggregation_benchmark.Relevance2.track_accuracy_majority_vote": 1632299642065, "label_aggregation_benchmark.Relevance2.track_accuracy_mmsr": 1632299643122, "label_aggregation_benchmark.Relevance2.track_accuracy_wawa": 1632299703340, "label_aggregation_benchmark.Relevance2.track_accuracy_zbs": 1632299703648}, "ended_at": {"label_aggregation_benchmark.Relevance2.time_dawid_skene": 1632299588398, "label_aggregation_benchmark.Relevance2.time_gold_majority_vote": 1632299595571, "label_aggregation_benchmark.Relevance2.time_majority_vote": 1632299601240, "label_aggregation_benchmark.Relevance2.time_mmsr": 1632299462471, "label_aggregation_benchmark.Relevance2.time_wawa": 1632299612875, "label_aggregation_benchmark.Relevance2.time_zbs": 1632299634737, "label_aggregation_benchmark.Relevance2.peakmem_dawid_skene": 1632299500737, "label_aggregation_benchmark.Relevance2.peakmem_gold_majority_vote": 1632299502096, "label_aggregation_benchmark.Relevance2.peakmem_majority_vote": 1632299503102, "label_aggregation_benchmark.Relevance2.peakmem_mmsr": 1632299563269, "label_aggregation_benchmark.Relevance2.peakmem_wawa": 1632299565229, "label_aggregation_benchmark.Relevance2.peakmem_zbs": 1632299576613, "label_aggregation_benchmark.Relevance2.track_accuracy_dawid_skene": 1632299640607, "label_aggregation_benchmark.Relevance2.track_accuracy_gold_majority_vote": 1632299642065, "label_aggregation_benchmark.Relevance2.track_accuracy_majority_vote": 1632299643122, "label_aggregation_benchmark.Relevance2.track_accuracy_mmsr": 1632299703340, "label_aggregation_benchmark.Relevance2.track_accuracy_wawa": 1632299703648, "label_aggregation_benchmark.Relevance2.track_accuracy_zbs": 1632299714987}, "benchmark_version": {"label_aggregation_benchmark.Relevance2.time_dawid_skene": "88f5ffd9d32ebcca57bcf651a025ad2a0b691ed8678ddfdc0b7b3c3706ae2841", "label_aggregation_benchmark.Relevance2.time_gold_majority_vote": "a941271c216476d18a69aa535cadb07952260a39843740fe0e24b39da38f2b87", "label_aggregation_benchmark.Relevance2.time_majority_vote": "bf7b878a140af9efeece34d841b277f355e06580d861c68bbc83c5778d378874", "label_aggregation_benchmark.Relevance2.time_mmsr": "5571c05342e9008d9a622d1fd39aab8313ac30d57a0bbc14f8a75fdecf325ec5", "label_aggregation_benchmark.Relevance2.time_wawa": "67cb33c8ffccda0337fde361b5ada33d055cbe734f2d5e18bb3b34175e5dae45", "label_aggregation_benchmark.Relevance2.time_zbs": "439d37a43e482da76ad622b5a5a193a8f7db820344721d397e88445def4fb83e", "label_aggregation_benchmark.Relevance2.peakmem_dawid_skene": "c4518a41f907d2fdca9ec6e25a60a9b7fd53da0b1bd0118501903650bb5f1638", "label_aggregation_benchmark.Relevance2.peakmem_gold_majority_vote": "5f5916fabc3b14c3bdabc854557c7ebafca1ee9217cff4cddabc8dd5df1da65e", "label_aggregation_benchmark.Relevance2.peakmem_majority_vote": "5f7d206e231aae89f9cd72f2db890099a89e82eef9e2820a0c0d8f4e3ddb5efe", "label_aggregation_benchmark.Relevance2.peakmem_mmsr": "586fc489203a8698ebf76b1fdd33e672de89daed052f26ebc0ee51f3d2b5925c", "label_aggregation_benchmark.Relevance2.peakmem_wawa": "74851db6b519ddfce3cc70216af3da6a65142006c943caeca214b211ac785d41", "label_aggregation_benchmark.Relevance2.peakmem_zbs": "0b38906e5d5119c3c36a58dc75c41c24b4e4b0ecc614743f1618fa43fd33f108", "label_aggregation_benchmark.Relevance2.track_accuracy_dawid_skene": "7e0a657652a7e72d8cb6aef9507ae81cad50d30d418a12ad20e99c3d3c50ef1a", "label_aggregation_benchmark.Relevance2.track_accuracy_gold_majority_vote": "69bd13cf276103040ca16849ee8bdec6c75438df3e592dd47e03e7d129c76a5d", "label_aggregation_benchmark.Relevance2.track_accuracy_majority_vote": "7916e4d5988a8dcb77986cebe3cfbced48c6f347e996ee2048a11a02eac51ada", "label_aggregation_benchmark.Relevance2.track_accuracy_mmsr": "860fd1d24b3cc508a9f9d2c2e0a54b6545bd630b580f2595b093bb9b15592b36",