{"results": {"label_aggregation_benchmark.Relevance2.time_dawid_skene": {"result": [4.616749481000625], "stats": [{"ci_99": [3.9480405873278204, 5.34883079467315], "q_25": 4.564728656000625, "q_75": 4.716299621000417, "min": 4.5127078310006254, "max": 4.815849761000209, "mean": 4.648435691000486, "std": 0.12576901939424392, "repeat": 3, "number": 1}]}, "label_aggregation_benchmark.Relevance2.time_gold_majority_vote": {"result": [0.8751459354998588], "stats": [{"ci_99": [0.8251759160002621, 0.8958566310002425], "q_25": 0.8466940172504565, "q_75": 0.8826561394996588, "min": 0.8251759160002621, "max": 0.8958566310002425, "mean": 0.8643682588000956, "std": 0.023786239731143542, "repeat": 10, "number": 1}]}, "label_aggregation_benchmark.Relevance2.time_majority_vote": {"result": [0.6543704619998607], "stats": [{"ci_99": [0.5948481840005115, 0.6919508970004244], "q_25": 0.622660945250118, "q_75": 0.6746062217496274, "min": 0.5948481840005115, "max": 0.6919508970004244, "mean": 0.6479988753000725, "std": 0.034024826251419046, "repeat": 10, "number": 1}]}, "label_aggregation_benchmark.Relevance2.time_mmsr": null, "label_aggregation_benchmark.Relevance2.time_wawa": {"result": [1.614291538499856], "stats": [{"ci_99": [1.522550185, 1.6751390780000293], "q_25": 1.5917126055001063, "q_75": 1.6453901700003826, "min": 1.522550185, "max": 1.6751390780000293, "mean": 1.6106273344001238, "std": 0.04373169374715883, "repeat": 10, "number": 1}]}, "label_aggregation_benchmark.Relevance2.time_zbs": {"result": [10.305655922499682], "stats": [{"ci_99": [0.9869031975058533, 19.624408647493503], "q_25": 10.212468395249743, "q_75": 10.39884344974962, "min": 10.119280867999805, "max": 10.492030976999558, "mean": 10.305655922499682, "std": 0.18637505449987657, "repeat": 2, "number": 1}]}, "label_aggregation_benchmark.Relevance2.peakmem_dawid_skene": 218140672, "label_aggregation_benchmark.Relevance2.peakmem_gold_majority_vote": 211066880, "label_aggregation_benchmark.Relevance2.peakmem_majority_vote": 206741504, "label_aggregation_benchmark.Relevance2.peakmem_mmsr": null, "label_aggregation_benchmark.Relevance2.peakmem_wawa": 218161152, "label_aggregation_benchmark.Relevance2.peakmem_zbs": 239005696, "label_aggregation_benchmark.Relevance2.track_accuracy_dawid_skene": 0.8106955055064987, "label_aggregation_benchmark.Relevance2.track_accuracy_gold_majority_vote": 0.8255779343188808, "label_aggregation_benchmark.Relevance2.track_accuracy_majority_vote": 0.7763667030459371, "label_aggregation_benchmark.Relevance2.track_accuracy_mmsr": null, "label_aggregation_benchmark.Relevance2.track_accuracy_wawa": null, "label_aggregation_benchmark.Relevance2.track_accuracy_zbs": 0.7733902172834607}, "params": {"arch": "x86_64", "cpu": "Intel(R) Xeon(R) Gold 6230 CPU @ 2.10GHz", "machine": "sinosov-vm.sas.yp-c.yandex.net", "num_cpu": "16", "os": "Linux 4.19.100-23", "ram": "16GB", "python": "3.8"}, "requirements": {}, "commit_hash": "d569426914da05aa932db8c1f22e1812d5e62429", "date": 1618238105000, "env_name": "virtualenv-py3.8", "python": "3.8", "profiles": {}, "started_at": {"label_aggregation_benchmark.Relevance2.time_dawid_skene": 1632152161499, "label_aggregation_benchmark.Relevance2.time_gold_majority_vote": 1632152171986, "label_aggregation_benchmark.Relevance2.time_majority_vote": 1632152178559, "label_aggregation_benchmark.Relevance2.time_mmsr": 1632151989403, "label_aggregation_benchmark.Relevance2.time_wawa": 1632152183729, "label_aggregation_benchmark.Relevance2.time_zbs": 1632152194615, "label_aggregation_benchmark.Relevance2.peakmem_dawid_skene": 1632152081655, "label_aggregation_benchmark.Relevance2.peakmem_gold_majority_vote": 1632152086771, "label_aggregation_benchmark.Relevance2.peakmem_majority_vote": 1632152087928, "label_aggregation_benchmark.Relevance2.peakmem_mmsr": 1632152088835, "label_aggregation_benchmark.Relevance2.peakmem_wawa": 1632152148953, "label_aggregation_benchmark.Relevance2.peakmem_zbs": 1632152150863, "label_aggregation_benchmark.Relevance2.track_accuracy_dawid_skene": 1632152216575, "label_aggregation_benchmark.Relevance2.track_accuracy_gold_majority_vote": 1632152222194, "label_aggregation_benchmark.Relevance2.track_accuracy_majority_vote": 1632152223450, "label_aggregation_benchmark.Relevance2.track_accuracy_mmsr": 1632152224456, "label_aggregation_benchmark.Relevance2.track_accuracy_wawa": 1632152284613, "label_aggregation_benchmark.Relevance2.track_accuracy_zbs": 1632152284867}, "ended_at": {"label_aggregation_benchmark.Relevance2.time_dawid_skene": 1632152171986, "label_aggregation_benchmark.Relevance2.time_gold_majority_vote": 1632152178559, "label_aggregation_benchmark.Relevance2.time_majority_vote": 1632152183729, "label_aggregation_benchmark.Relevance2.time_mmsr": 1632152049511, "label_aggregation_benchmark.Relevance2.time_wawa": 1632152194615, "label_aggregation_benchmark.Relevance2.time_zbs": 1632152216575, "label_aggregation_benchmark.Relevance2.peakmem_dawid_skene": 1632152086771, "label_aggregation_benchmark.Relevance2.peakmem_gold_majority_vote": 1632152087928, "label_aggregation_benchmark.Relevance2.peakmem_majority_vote": 1632152088835, "label_aggregation_benchmark.Relevance2.peakmem_mmsr": 1632152148953, "label_aggregation_benchmark.Relevance2.peakmem_wawa": 1632152150863, "label_aggregation_benchmark.Relevance2.peakmem_zbs": 1632152161499, "label_aggregation_benchmark.Relevance2.track_accuracy_dawid_skene": 1632152222194, "label_aggregation_benchmark.Relevance2.track_accuracy_gold_majority_vote": 1632152223450, "label_aggregation_benchmark.Relevance2.track_accuracy_majority_vote": 1632152224456, "label_aggregation_benchmark.Relevance2.track_accuracy_mmsr": 1632152284613, "label_aggregation_benchmark.Relevance2.track_accuracy_wawa": 1632152284867, "label_aggregation_benchmark.Relevance2.track_accuracy_zbs": 1632152295200}, "benchmark_version": {"label_aggregation_benchmark.Relevance2.time_dawid_skene": "88f5ffd9d32ebcca57bcf651a025ad2a0b691ed8678ddfdc0b7b3c3706ae2841", "label_aggregation_benchmark.Relevance2.time_gold_majority_vote": "a941271c216476d18a69aa535cadb07952260a39843740fe0e24b39da38f2b87", "label_aggregation_benchmark.Relevance2.time_majority_vote": "bf7b878a140af9efeece34d841b277f355e06580d861c68bbc83c5778d378874", "label_aggregation_benchmark.Relevance2.time_mmsr": "5571c05342e9008d9a622d1fd39aab8313ac30d57a0bbc14f8a75fdecf325ec5", "label_aggregation_benchmark.Relevance2.time_wawa": "67cb33c8ffccda0337fde361b5ada33d055cbe734f2d5e18bb3b34175e5dae45", "label_aggregation_benchmark.Relevance2.time_zbs": "439d37a43e482da76ad622b5a5a193a8f7db820344721d397e88445def4fb83e", "label_aggregation_benchmark.Relevance2.peakmem_dawid_skene": "c4518a41f907d2fdca9ec6e25a60a9b7fd53da0b1bd0118501903650bb5f1638", "label_aggregation_benchmark.Relevance2.peakmem_gold_majority_vote": "5f5916fabc3b14c3bdabc854557c7ebafca1ee9217cff4cddabc8dd5df1da65e", "label_aggregation_benchmark.Relevance2.peakmem_majority_vote": "5f7d206e231aae89f9cd72f2db890099a89e82eef9e2820a0c0d8f4e3ddb5efe", "label_aggregation_benchmark.Relevance2.peakmem_mmsr": "586fc489203a8698ebf76b1fdd33e672de89daed052f26ebc0ee51f3d2b5925c", "label_aggregation_benchmark.Relevance2.peakmem_wawa": "74851db6b519ddfce3cc70216af3da6a65142006c943caeca214b211ac785d41", "label_aggregation_benchmark.Relevance2.peakmem_zbs": "0b38906e5d5119c3c36a58dc75c41c24b4e4b0ecc614743f1618fa43fd33f108", "label_aggregation_benchmark.Relevance2.track_accuracy_dawid_skene": "7e0a657652a7e72d8cb6aef9507ae81cad50d30d418a12ad20e99c3d3c50ef1a", "label_aggregation_benchmark.Relevance2.track_accuracy_gold_majority_vote": "69bd13cf276103040ca16849ee8bdec6c75438df3e592dd47e03e7d129c76a5d", "label_aggregation_benchmark.Relevance2.track_accuracy_majority_vote": "7916e4d5988a8dcb77986cebe3cfbced48c6f347e996ee2048a11a02eac51ada", "label_aggregation_benchmark.Relevance2.track_accuracy_mmsr": "860fd1d24b3cc508a9f9d2c2e0a54b6545bd630b580f2595b093bb9b15592b36",