{"results": {"label_aggregation_benchmark.Relevance2.time_dawid_skene": {"result": [5.181471798510756], "stats": [{"ci_99": [1.2757475737598725, 9.087196023261637], "q_25": 5.1424145562632475, "q_75": 5.220529040758265, "min": 5.103357314015739, "max": 5.259586283005774, "mean": 5.181471798510756, "std": 0.07811448449501768, "repeat": 2, "number": 1}]}, "label_aggregation_benchmark.Relevance2.time_gold_majority_vote": {"result": [0.9107100529945455], "stats": [{"ci_99": [0.8505622489901725, 0.9730449720227625], "q_25": 0.8832198080053786, "q_75": 0.932502739247866, "min": 0.8505622489901725, "max": 0.9730449720227625, "mean": 0.9091342052037362, "std": 0.03606787165260422, "repeat": 10, "number": 1}]}, "label_aggregation_benchmark.Relevance2.time_majority_vote": {"result": [0.6568577014986658], "stats": [{"ci_99": [0.610664909996558, 0.7287902790121734], "q_25": 0.6355511312358431, "q_75": 0.6851557714981027, "min": 0.610664909996558, "max": 0.7287902790121734, "mean": 0.6637794943962945, "std": 0.03777816519633952, "repeat": 10, "number": 1}]}, "label_aggregation_benchmark.Relevance2.time_mmsr": null, "label_aggregation_benchmark.Relevance2.time_wawa": {"result": [1.6286630094982684], "stats": [{"ci_99": [1.4761368339823093, 1.7743804389901925], "q_25": 1.5476842959833448, "q_75": 1.6991834925065632, "min": 1.4761368339823093, "max": 1.7743804389901925, "mean": 1.6217149463918759, "std": 0.0934452256251567, "repeat": 10, "number": 1}]}, "label_aggregation_benchmark.Relevance2.time_zbs": {"result": [10.287326209509047], "stats": [{"ci_99": [-13.403478666004958, 33.97813108502303], "q_25": 10.050418160753907, "q_75": 10.524234258264187, "min": 9.813510111998767, "max": 10.761142307019327, "mean": 10.287326209509047, "std": 0.4738160975102801, "repeat": 2, "number": 1}]}, "label_aggregation_benchmark.Relevance2.peakmem_dawid_skene": 217546752, "label_aggregation_benchmark.Relevance2.peakmem_gold_majority_vote": 196943872, "label_aggregation_benchmark.Relevance2.peakmem_majority_vote": 206118912, "label_aggregation_benchmark.Relevance2.peakmem_mmsr": null, "label_aggregation_benchmark.Relevance2.peakmem_wawa": 217542656, "label_aggregation_benchmark.Relevance2.peakmem_zbs": 226234368, "label_aggregation_benchmark.Relevance2.track_accuracy_dawid_skene": 0.8106955055064987, "label_aggregation_benchmark.Relevance2.track_accuracy_gold_majority_vote": 0.8255779343188808, "label_aggregation_benchmark.Relevance2.track_accuracy_majority_vote": 0.7763667030459371, "label_aggregation_benchmark.Relevance2.track_accuracy_mmsr": null, "label_aggregation_benchmark.Relevance2.track_accuracy_wawa": null, "label_aggregation_benchmark.Relevance2.track_accuracy_zbs": 0.7733902172834607}, "params": {"arch": "x86_64", "cpu": "Intel(R) Xeon(R) Gold 6230 CPU @ 2.10GHz", "machine": "vm", "num_cpu": "16", "os": "Linux 4.19.100-23", "ram": "16GB", "python": "3.8"}, "requirements": {}, "commit_hash": "e5bb35be10cd5110378b5b576145f3ceada1abcb", "date": 1623094911000, "env_name": "virtualenv-py3.8", "python": "3.8", "profiles": {}, "started_at": {"label_aggregation_benchmark.Relevance2.time_dawid_skene": 1632298911060, "label_aggregation_benchmark.Relevance2.time_gold_majority_vote": 1632298922094, "label_aggregation_benchmark.Relevance2.time_majority_vote": 1632298928770, "label_aggregation_benchmark.Relevance2.time_mmsr": 1632298736398, "label_aggregation_benchmark.Relevance2.time_wawa": 1632298934091, "label_aggregation_benchmark.Relevance2.time_zbs": 1632298944777, "label_aggregation_benchmark.Relevance2.peakmem_dawid_skene": 1632298830116, "label_aggregation_benchmark.Relevance2.peakmem_gold_majority_vote": 1632298835835, "label_aggregation_benchmark.Relevance2.peakmem_majority_vote": 1632298837091, "label_aggregation_benchmark.Relevance2.peakmem_mmsr": 1632298838097, "label_aggregation_benchmark.Relevance2.peakmem_wawa": 1632298898262, "label_aggregation_benchmark.Relevance2.peakmem_zbs": 1632298900173, "label_aggregation_benchmark.Relevance2.track_accuracy_dawid_skene": 1632298965288, "label_aggregation_benchmark.Relevance2.track_accuracy_gold_majority_vote": 1632298970859, "label_aggregation_benchmark.Relevance2.track_accuracy_majority_vote": 1632298972117, "label_aggregation_benchmark.Relevance2.track_accuracy_mmsr": 1632298973074, "label_aggregation_benchmark.Relevance2.track_accuracy_wawa": 1632299033248, "label_aggregation_benchmark.Relevance2.track_accuracy_zbs": 1632299033503}, "ended_at": {"label_aggregation_benchmark.Relevance2.time_dawid_skene": 1632298922094, "label_aggregation_benchmark.Relevance2.time_gold_majority_vote": 1632298928769, "label_aggregation_benchmark.Relevance2.time_majority_vote": 1632298934091, "label_aggregation_benchmark.Relevance2.time_mmsr": 1632298796565, "label_aggregation_benchmark.Relevance2.time_wawa": 1632298944777, "label_aggregation_benchmark.Relevance2.time_zbs": 1632298965288, "label_aggregation_benchmark.Relevance2.peakmem_dawid_skene": 1632298835834, "label_aggregation_benchmark.Relevance2.peakmem_gold_majority_vote": 1632298837091, "label_aggregation_benchmark.Relevance2.peakmem_majority_vote": 1632298838097, "label_aggregation_benchmark.Relevance2.peakmem_mmsr": 1632298898262, "label_aggregation_benchmark.Relevance2.peakmem_wawa": 1632298900172, "label_aggregation_benchmark.Relevance2.peakmem_zbs": 1632298911059, "label_aggregation_benchmark.Relevance2.track_accuracy_dawid_skene": 1632298970859, "label_aggregation_benchmark.Relevance2.track_accuracy_gold_majority_vote": 1632298972117, "label_aggregation_benchmark.Relevance2.track_accuracy_majority_vote": 1632298973074, "label_aggregation_benchmark.Relevance2.track_accuracy_mmsr": 1632299033248, "label_aggregation_benchmark.Relevance2.track_accuracy_wawa": 1632299033503, "label_aggregation_benchmark.Relevance2.track_accuracy_zbs": 1632299045191}, "benchmark_version": {"label_aggregation_benchmark.Relevance2.time_dawid_skene": "88f5ffd9d32ebcca57bcf651a025ad2a0b691ed8678ddfdc0b7b3c3706ae2841", "label_aggregation_benchmark.Relevance2.time_gold_majority_vote": "a941271c216476d18a69aa535cadb07952260a39843740fe0e24b39da38f2b87", "label_aggregation_benchmark.Relevance2.time_majority_vote": "bf7b878a140af9efeece34d841b277f355e06580d861c68bbc83c5778d378874", "label_aggregation_benchmark.Relevance2.time_mmsr": "5571c05342e9008d9a622d1fd39aab8313ac30d57a0bbc14f8a75fdecf325ec5", "label_aggregation_benchmark.Relevance2.time_wawa": "67cb33c8ffccda0337fde361b5ada33d055cbe734f2d5e18bb3b34175e5dae45", "label_aggregation_benchmark.Relevance2.time_zbs": "439d37a43e482da76ad622b5a5a193a8f7db820344721d397e88445def4fb83e", "label_aggregation_benchmark.Relevance2.peakmem_dawid_skene": "c4518a41f907d2fdca9ec6e25a60a9b7fd53da0b1bd0118501903650bb5f1638", "label_aggregation_benchmark.Relevance2.peakmem_gold_majority_vote": "5f5916fabc3b14c3bdabc854557c7ebafca1ee9217cff4cddabc8dd5df1da65e", "label_aggregation_benchmark.Relevance2.peakmem_majority_vote": "5f7d206e231aae89f9cd72f2db890099a89e82eef9e2820a0c0d8f4e3ddb5efe", "label_aggregation_benchmark.Relevance2.peakmem_mmsr": "586fc489203a8698ebf76b1fdd33e672de89daed052f26ebc0ee51f3d2b5925c", "label_aggregation_benchmark.Relevance2.peakmem_wawa": "74851db6b519ddfce3cc70216af3da6a65142006c943caeca214b211ac785d41", "label_aggregation_benchmark.Relevance2.peakmem_zbs": "0b38906e5d5119c3c36a58dc75c41c24b4e4b0ecc614743f1618fa43fd33f108", "label_aggregation_benchmark.Relevance2.track_accuracy_dawid_skene": "7e0a657652a7e72d8cb6aef9507ae81cad50d30d418a12ad20e99c3d3c50ef1a", "label_aggregation_benchmark.Relevance2.track_accuracy_gold_majority_vote": "69bd13cf276103040ca16849ee8bdec6c75438df3e592dd47e03e7d129c76a5d", "label_aggregation_benchmark.Relevance2.track_accuracy_majority_vote": "7916e4d5988a8dcb77986cebe3cfbced48c6f347e996ee2048a11a02eac51ada", "label_aggregation_benchmark.Relevance2.track_accuracy_mmsr": "860fd1d24b3cc508a9f9d2c2e0a54b6545bd630b580f2595b093bb9b15592b36",