{"results": {"label_aggregation_benchmark.Relevance2.time_dawid_skene": {"result": [4.681603816000461], "stats": [{"ci_99": [3.8172000822246637, 5.807919077775734], "q_25": 4.6808880970002065, "q_75": 4.87875318100032, "min": 4.680172377999952, "max": 5.075902546000179, "mean": 4.8125595800001975, "std": 0.18621251400830194, "repeat": 3, "number": 1}]}, "label_aggregation_benchmark.Relevance2.time_gold_majority_vote": {"result": [0.8320913725001446], "stats": [{"ci_99": [0.774521557999833, 0.8955942849997882], "q_25": 0.8175111247503537, "q_75": 0.8627726087499923, "min": 0.774521557999833, "max": 0.8955942849997882, "mean": 0.8361122098000123, "std": 0.033582097729403265, "repeat": 10, "number": 1}]}, "label_aggregation_benchmark.Relevance2.time_majority_vote": {"result": [0.6330539279997538], "stats": [{"ci_99": [0.5705315459999838, 0.6929692419998901], "q_25": 0.6283476312498806, "q_75": 0.6556507082498229, "min": 0.5705315459999838, "max": 0.6929692419998901, "mean": 0.6385980173999997, "std": 0.030799639102899307, "repeat": 10, "number": 1}]}, "label_aggregation_benchmark.Relevance2.time_mmsr": null, "label_aggregation_benchmark.Relevance2.time_wawa": {"result": [1.5558163839996269], "stats": [{"ci_99": [1.4900897649995386, 1.6606889579998096], "q_25": 1.523711442999911, "q_75": 1.5863080307494783, "min": 1.4900897649995386, "max": 1.6606889579998096, "mean": 1.5603947780998169, "std": 0.050721900006920485, "repeat": 10, "number": 1}]}, "label_aggregation_benchmark.Relevance2.time_zbs": {"result": [9.90978041499966], "stats": [{"ci_99": [-17.86793918499916, 37.68750001499845], "q_25": 9.632003218999671, "q_75": 10.187557610999647, "min": 9.354226022999683, "max": 10.465334806999635, "mean": 9.90978041499966, "std": 0.5555543919999764, "repeat": 2, "number": 1}]}, "label_aggregation_benchmark.Relevance2.peakmem_dawid_skene": 219533312, "label_aggregation_benchmark.Relevance2.peakmem_gold_majority_vote": 197029888, "label_aggregation_benchmark.Relevance2.peakmem_majority_vote": 205815808, "label_aggregation_benchmark.Relevance2.peakmem_mmsr": null, "label_aggregation_benchmark.Relevance2.peakmem_wawa": 217509888, "label_aggregation_benchmark.Relevance2.peakmem_zbs": 226275328, "label_aggregation_benchmark.Relevance2.track_accuracy_dawid_skene": 0.8106955055064987, "label_aggregation_benchmark.Relevance2.track_accuracy_gold_majority_vote": 0.8255779343188808, "label_aggregation_benchmark.Relevance2.track_accuracy_majority_vote": 0.7763667030459371, "label_aggregation_benchmark.Relevance2.track_accuracy_mmsr": null, "label_aggregation_benchmark.Relevance2.track_accuracy_wawa": null, "label_aggregation_benchmark.Relevance2.track_accuracy_zbs": 0.7733902172834607}, "params": {"arch": "x86_64", "cpu": "Intel(R) Xeon(R) Gold 6230 CPU @ 2.10GHz", "machine": "sinosov-vm.sas.yp-c.yandex.net", "num_cpu": "16", "os": "Linux 4.19.100-23", "ram": "16GB", "python": "3.8"}, "requirements": {}, "commit_hash": "e71cf20490cf2704e3c9d403c9f6094a64585303", "date": 1623174612000, "env_name": "virtualenv-py3.8", "python": "3.8", "profiles": {}, "started_at": {"label_aggregation_benchmark.Relevance2.time_dawid_skene": 1632150823448, "label_aggregation_benchmark.Relevance2.time_gold_majority_vote": 1632150838598, "label_aggregation_benchmark.Relevance2.time_majority_vote": 1632150845021, "label_aggregation_benchmark.Relevance2.time_mmsr": 1632150648946, "label_aggregation_benchmark.Relevance2.time_wawa": 1632150850140, "label_aggregation_benchmark.Relevance2.time_zbs": 1632150860575, "label_aggregation_benchmark.Relevance2.peakmem_dawid_skene": 1632150742000, "label_aggregation_benchmark.Relevance2.peakmem_gold_majority_vote": 1632150748070, "label_aggregation_benchmark.Relevance2.peakmem_majority_vote": 1632150749377, "label_aggregation_benchmark.Relevance2.peakmem_mmsr": 1632150750433, "label_aggregation_benchmark.Relevance2.peakmem_wawa": 1632150810601, "label_aggregation_benchmark.Relevance2.peakmem_zbs": 1632150812511, "label_aggregation_benchmark.Relevance2.track_accuracy_dawid_skene": 1632150880633, "label_aggregation_benchmark.Relevance2.track_accuracy_gold_majority_vote": 1632150885802, "label_aggregation_benchmark.Relevance2.track_accuracy_majority_vote": 1632150887010, "label_aggregation_benchmark.Relevance2.track_accuracy_mmsr": 1632150887967, "label_aggregation_benchmark.Relevance2.track_accuracy_wawa": 1632150948130, "label_aggregation_benchmark.Relevance2.track_accuracy_zbs": 1632150948384}, "ended_at": {"label_aggregation_benchmark.Relevance2.time_dawid_skene": 1632150838598, "label_aggregation_benchmark.Relevance2.time_gold_majority_vote": 1632150845020, "label_aggregation_benchmark.Relevance2.time_majority_vote": 1632150850140, "label_aggregation_benchmark.Relevance2.time_mmsr": 1632150709105, "label_aggregation_benchmark.Relevance2.time_wawa": 1632150860574, "label_aggregation_benchmark.Relevance2.time_zbs": 1632150880633, "label_aggregation_benchmark.Relevance2.peakmem_dawid_skene": 1632150748070, "label_aggregation_benchmark.Relevance2.peakmem_gold_majority_vote": 1632150749377, "label_aggregation_benchmark.Relevance2.peakmem_majority_vote": 1632150750433, "label_aggregation_benchmark.Relevance2.peakmem_mmsr": 1632150810601, "label_aggregation_benchmark.Relevance2.peakmem_wawa": 1632150812511, "label_aggregation_benchmark.Relevance2.peakmem_zbs": 1632150823448, "label_aggregation_benchmark.Relevance2.track_accuracy_dawid_skene": 1632150885802, "label_aggregation_benchmark.Relevance2.track_accuracy_gold_majority_vote": 1632150887010, "label_aggregation_benchmark.Relevance2.track_accuracy_majority_vote": 1632150887966, "label_aggregation_benchmark.Relevance2.track_accuracy_mmsr": 1632150948130, "label_aggregation_benchmark.Relevance2.track_accuracy_wawa": 1632150948384, "label_aggregation_benchmark.Relevance2.track_accuracy_zbs": 1632150959320}, "benchmark_version": {"label_aggregation_benchmark.Relevance2.time_dawid_skene": "88f5ffd9d32ebcca57bcf651a025ad2a0b691ed8678ddfdc0b7b3c3706ae2841", "label_aggregation_benchmark.Relevance2.time_gold_majority_vote": "a941271c216476d18a69aa535cadb07952260a39843740fe0e24b39da38f2b87", "label_aggregation_benchmark.Relevance2.time_majority_vote": "bf7b878a140af9efeece34d841b277f355e06580d861c68bbc83c5778d378874", "label_aggregation_benchmark.Relevance2.time_mmsr": "5571c05342e9008d9a622d1fd39aab8313ac30d57a0bbc14f8a75fdecf325ec5", "label_aggregation_benchmark.Relevance2.time_wawa": "67cb33c8ffccda0337fde361b5ada33d055cbe734f2d5e18bb3b34175e5dae45", "label_aggregation_benchmark.Relevance2.time_zbs": "439d37a43e482da76ad622b5a5a193a8f7db820344721d397e88445def4fb83e", "label_aggregation_benchmark.Relevance2.peakmem_dawid_skene": "c4518a41f907d2fdca9ec6e25a60a9b7fd53da0b1bd0118501903650bb5f1638", "label_aggregation_benchmark.Relevance2.peakmem_gold_majority_vote": "5f5916fabc3b14c3bdabc854557c7ebafca1ee9217cff4cddabc8dd5df1da65e", "label_aggregation_benchmark.Relevance2.peakmem_majority_vote": "5f7d206e231aae89f9cd72f2db890099a89e82eef9e2820a0c0d8f4e3ddb5efe", "label_aggregation_benchmark.Relevance2.peakmem_mmsr": "586fc489203a8698ebf76b1fdd33e672de89daed052f26ebc0ee51f3d2b5925c", "label_aggregation_benchmark.Relevance2.peakmem_wawa": "74851db6b519ddfce3cc70216af3da6a65142006c943caeca214b211ac785d41", "label_aggregation_benchmark.Relevance2.peakmem_zbs": "0b38906e5d5119c3c36a58dc75c41c24b4e4b0ecc614743f1618fa43fd33f108", "label_aggregation_benchmark.Relevance2.track_accuracy_dawid_skene": "7e0a657652a7e72d8cb6aef9507ae81cad50d30d418a12ad20e99c3d3c50ef1a", "label_aggregation_benchmark.Relevance2.track_accuracy_gold_majority_vote": "69bd13cf276103040ca16849ee8bdec6c75438df3e592dd47e03e7d129c76a5d", "label_aggregation_benchmark.Relevance2.track_accuracy_majority_vote": "7916e4d5988a8dcb77986cebe3cfbced48c6f347e996ee2048a11a02eac51ada", "label_aggregation_benchmark.Relevance2.track_accuracy_mmsr": "860fd1d24b3cc508a9f9d2c2e0a54b6545bd630b580f2595b093bb9b15592b36",