{"results": {"label_aggregation_benchmark.Relevance2.time_dawid_skene": {"result": [5.029337645508349], "stats": [{"ci_99": [-0.41543587972410023, 10.474111170740795], "q_25": 4.9748899102560245, "q_75": 5.083785380760673, "min": 4.9204421750037, "max": 5.138233116012998, "mean": 5.029337645508349, "std": 0.10889547050464898, "repeat": 2, "number": 1}]}, "label_aggregation_benchmark.Relevance2.time_gold_majority_vote": {"result": [0.8798189785156865], "stats": [{"ci_99": [0.7988767250208184, 0.9874998680024873], "q_25": 0.8469902439974248, "q_75": 0.9354839459992945, "min": 0.7988767250208184, "max": 0.9874998680024873, "mean": 0.8876310654042754, "std": 0.05764458399078209, "repeat": 10, "number": 1}]}, "label_aggregation_benchmark.Relevance2.time_majority_vote": {"result": [0.6787956164916977], "stats": [{"ci_99": [0.5995287620171439, 0.775988817011239], "q_25": 0.6400395237360499, "q_75": 0.7134917957591824, "min": 0.5995287620171439, "max": 0.775988817011239, "mean": 0.6820827242016094, "std": 0.05713353984991552, "repeat": 10, "number": 1}]}, "label_aggregation_benchmark.Relevance2.time_mmsr": null, "label_aggregation_benchmark.Relevance2.time_wawa": {"result": [1.548701596999308], "stats": [{"ci_99": [1.4774626069993246, 1.609471822011983], "q_25": 1.4989781539916294, "q_75": 1.568165804259479, "min": 1.4774626069993246, "max": 1.609471822011983, "mean": 1.5381760338990715, "std": 0.043902739461956906, "repeat": 10, "number": 1}]}, "label_aggregation_benchmark.Relevance2.time_zbs": {"result": [10.347253637490212], "stats": [{"ci_99": [1.6120425130502554, 19.08246476193016], "q_25": 10.259901526245812, "q_75": 10.434605748734612, "min": 10.172549415001413, "max": 10.521957859979011, "mean": 10.347253637490212, "std": 0.17470422248879913, "repeat": 2, "number": 1}]}, "label_aggregation_benchmark.Relevance2.peakmem_dawid_skene": 219504640, "label_aggregation_benchmark.Relevance2.peakmem_gold_majority_vote": 197005312, "label_aggregation_benchmark.Relevance2.peakmem_majority_vote": 206303232, "label_aggregation_benchmark.Relevance2.peakmem_mmsr": null, "label_aggregation_benchmark.Relevance2.peakmem_wawa": 217161728, "label_aggregation_benchmark.Relevance2.peakmem_zbs": 226254848, "label_aggregation_benchmark.Relevance2.track_accuracy_dawid_skene": 0.8106955055064987, "label_aggregation_benchmark.Relevance2.track_accuracy_gold_majority_vote": 0.8255779343188808, "label_aggregation_benchmark.Relevance2.track_accuracy_majority_vote": 0.7763667030459371, "label_aggregation_benchmark.Relevance2.track_accuracy_mmsr": null, "label_aggregation_benchmark.Relevance2.track_accuracy_wawa": null, "label_aggregation_benchmark.Relevance2.track_accuracy_zbs": 0.7733902172834607}, "params": {"arch": "x86_64", "cpu": "Intel(R) Xeon(R) Gold 6230 CPU @ 2.10GHz", "machine": "vm", "num_cpu": "16", "os": "Linux 4.19.100-23", "ram": "16GB", "python": "3.8"}, "requirements": {}, "commit_hash": "e71cf20490cf2704e3c9d403c9f6094a64585303", "date": 1623174612000, "env_name": "virtualenv-py3.8", "python": "3.8", "profiles": {}, "started_at": {"label_aggregation_benchmark.Relevance2.time_dawid_skene": 1632298236657, "label_aggregation_benchmark.Relevance2.time_gold_majority_vote": 1632298247094, "label_aggregation_benchmark.Relevance2.time_majority_vote": 1632298254068, "label_aggregation_benchmark.Relevance2.time_mmsr": 1632298064027, "label_aggregation_benchmark.Relevance2.time_wawa": 1632298259740, "label_aggregation_benchmark.Relevance2.time_zbs": 1632298270426, "label_aggregation_benchmark.Relevance2.peakmem_dawid_skene": 1632298156148, "label_aggregation_benchmark.Relevance2.peakmem_gold_majority_vote": 1632298161620, "label_aggregation_benchmark.Relevance2.peakmem_majority_vote": 1632298162778, "label_aggregation_benchmark.Relevance2.peakmem_mmsr": 1632298163786, "label_aggregation_benchmark.Relevance2.peakmem_wawa": 1632298223961, "label_aggregation_benchmark.Relevance2.peakmem_zbs": 1632298226021, "label_aggregation_benchmark.Relevance2.track_accuracy_dawid_skene": 1632298291743, "label_aggregation_benchmark.Relevance2.track_accuracy_gold_majority_vote": 1632298297413, "label_aggregation_benchmark.Relevance2.track_accuracy_majority_vote": 1632298298771, "label_aggregation_benchmark.Relevance2.track_accuracy_mmsr": 1632298299829, "label_aggregation_benchmark.Relevance2.track_accuracy_wawa": 1632298359991, "label_aggregation_benchmark.Relevance2.track_accuracy_zbs": 1632298360246}, "ended_at": {"label_aggregation_benchmark.Relevance2.time_dawid_skene": 1632298247093, "label_aggregation_benchmark.Relevance2.time_gold_majority_vote": 1632298254068, "label_aggregation_benchmark.Relevance2.time_majority_vote": 1632298259739, "label_aggregation_benchmark.Relevance2.time_mmsr": 1632298124192, "label_aggregation_benchmark.Relevance2.time_wawa": 1632298270426, "label_aggregation_benchmark.Relevance2.time_zbs": 1632298291742, "label_aggregation_benchmark.Relevance2.peakmem_dawid_skene": 1632298161620, "label_aggregation_benchmark.Relevance2.peakmem_gold_majority_vote": 1632298162778, "label_aggregation_benchmark.Relevance2.peakmem_majority_vote": 1632298163786, "label_aggregation_benchmark.Relevance2.peakmem_mmsr": 1632298223961, "label_aggregation_benchmark.Relevance2.peakmem_wawa": 1632298226021, "label_aggregation_benchmark.Relevance2.peakmem_zbs": 1632298236657, "label_aggregation_benchmark.Relevance2.track_accuracy_dawid_skene": 1632298297413, "label_aggregation_benchmark.Relevance2.track_accuracy_gold_majority_vote": 1632298298771, "label_aggregation_benchmark.Relevance2.track_accuracy_majority_vote": 1632298299829, "label_aggregation_benchmark.Relevance2.track_accuracy_mmsr": 1632298359991, "label_aggregation_benchmark.Relevance2.track_accuracy_wawa": 1632298360246, "label_aggregation_benchmark.Relevance2.track_accuracy_zbs": 1632298370976}, "benchmark_version": {"label_aggregation_benchmark.Relevance2.time_dawid_skene": "88f5ffd9d32ebcca57bcf651a025ad2a0b691ed8678ddfdc0b7b3c3706ae2841", "label_aggregation_benchmark.Relevance2.time_gold_majority_vote": "a941271c216476d18a69aa535cadb07952260a39843740fe0e24b39da38f2b87", "label_aggregation_benchmark.Relevance2.time_majority_vote": "bf7b878a140af9efeece34d841b277f355e06580d861c68bbc83c5778d378874", "label_aggregation_benchmark.Relevance2.time_mmsr": "5571c05342e9008d9a622d1fd39aab8313ac30d57a0bbc14f8a75fdecf325ec5", "label_aggregation_benchmark.Relevance2.time_wawa": "67cb33c8ffccda0337fde361b5ada33d055cbe734f2d5e18bb3b34175e5dae45", "label_aggregation_benchmark.Relevance2.time_zbs": "439d37a43e482da76ad622b5a5a193a8f7db820344721d397e88445def4fb83e", "label_aggregation_benchmark.Relevance2.peakmem_dawid_skene": "c4518a41f907d2fdca9ec6e25a60a9b7fd53da0b1bd0118501903650bb5f1638", "label_aggregation_benchmark.Relevance2.peakmem_gold_majority_vote": "5f5916fabc3b14c3bdabc854557c7ebafca1ee9217cff4cddabc8dd5df1da65e", "label_aggregation_benchmark.Relevance2.peakmem_majority_vote": "5f7d206e231aae89f9cd72f2db890099a89e82eef9e2820a0c0d8f4e3ddb5efe", "label_aggregation_benchmark.Relevance2.peakmem_mmsr": "586fc489203a8698ebf76b1fdd33e672de89daed052f26ebc0ee51f3d2b5925c", "label_aggregation_benchmark.Relevance2.peakmem_wawa": "74851db6b519ddfce3cc70216af3da6a65142006c943caeca214b211ac785d41", "label_aggregation_benchmark.Relevance2.peakmem_zbs": "0b38906e5d5119c3c36a58dc75c41c24b4e4b0ecc614743f1618fa43fd33f108", "label_aggregation_benchmark.Relevance2.track_accuracy_dawid_skene": "7e0a657652a7e72d8cb6aef9507ae81cad50d30d418a12ad20e99c3d3c50ef1a", "label_aggregation_benchmark.Relevance2.track_accuracy_gold_majority_vote": "69bd13cf276103040ca16849ee8bdec6c75438df3e592dd47e03e7d129c76a5d", "label_aggregation_benchmark.Relevance2.track_accuracy_majority_vote": "7916e4d5988a8dcb77986cebe3cfbced48c6f347e996ee2048a11a02eac51ada", "label_aggregation_benchmark.Relevance2.track_accuracy_mmsr": "860fd1d24b3cc508a9f9d2c2e0a54b6545bd630b580f2595b093bb9b15592b36",