{"results": {"label_aggregation_benchmark.Relevance2.time_dawid_skene": {"result": [4.892313100000138], "stats": [{"ci_99": [4.446942924780655, 5.414258100552732], "q_25": 4.869558741499986, "q_75": 4.972498577500119, "min": 4.846804382999835, "max": 5.0526840550001, "mean": 4.9306005126666905, "std": 0.08830271536881278, "repeat": 3, "number": 1}]}, "label_aggregation_benchmark.Relevance2.time_gold_majority_vote": {"result": [0.8699282635006966], "stats": [{"ci_99": [0.8287038079997728, 0.9461555730003965], "q_25": 0.8561058232503456, "q_75": 0.8832476939996923, "min": 0.8287038079997728, "max": 0.9461555730003965, "mean": 0.8741232162001324, "std": 0.03285126366797027, "repeat": 10, "number": 1}]}, "label_aggregation_benchmark.Relevance2.time_majority_vote": {"result": [0.653160947500055], "stats": [{"ci_99": [0.5947879479999756, 0.7113285260002158], "q_25": 0.6268292265003765, "q_75": 0.6663175639994279, "min": 0.5947879479999756, "max": 0.7113285260002158, "mean": 0.6502751208000518, "std": 0.03423515489651013, "repeat": 10, "number": 1}]}, "label_aggregation_benchmark.Relevance2.time_mmsr": null, "label_aggregation_benchmark.Relevance2.time_wawa": {"result": [1.57060642200031], "stats": [{"ci_99": [1.5314634829992428, 1.6232442659993467], "q_25": 1.552894315499998, "q_75": 1.5886789852499987, "min": 1.5314634829992428, "max": 1.6232442659993467, "mean": 1.5727776529999573, "std": 0.02758089516152325, "repeat": 10, "number": 1}]}, "label_aggregation_benchmark.Relevance2.time_zbs": {"result": [9.609667825499855], "stats": [{"ci_99": [-4.822238299491801, 24.041573950491497], "q_25": 9.465348764249939, "q_75": 9.753986886749772, "min": 9.321029703000022, "max": 9.898305947999688, "mean": 9.609667825499855, "std": 0.2886381224998331, "repeat": 2, "number": 1}]}, "label_aggregation_benchmark.Relevance2.peakmem_dawid_skene": 219422720, "label_aggregation_benchmark.Relevance2.peakmem_gold_majority_vote": 196898816, "label_aggregation_benchmark.Relevance2.peakmem_majority_vote": 205656064, "label_aggregation_benchmark.Relevance2.peakmem_mmsr": null, "label_aggregation_benchmark.Relevance2.peakmem_wawa": 217161728, "label_aggregation_benchmark.Relevance2.peakmem_zbs": 226148352, "label_aggregation_benchmark.Relevance2.track_accuracy_dawid_skene": 0.8106955055064987, "label_aggregation_benchmark.Relevance2.track_accuracy_gold_majority_vote": 0.8255779343188808, "label_aggregation_benchmark.Relevance2.track_accuracy_majority_vote": 0.7763667030459371, "label_aggregation_benchmark.Relevance2.track_accuracy_mmsr": null, "label_aggregation_benchmark.Relevance2.track_accuracy_wawa": null, "label_aggregation_benchmark.Relevance2.track_accuracy_zbs": 0.7733902172834607}, "params": {"arch": "x86_64", "cpu": "Intel(R) Xeon(R) Gold 6230 CPU @ 2.10GHz", "machine": "sinosov-vm.sas.yp-c.yandex.net", "num_cpu": "16", "os": "Linux 4.19.100-23", "ram": "16GB", "python": "3.8"}, "requirements": {}, "commit_hash": "1c1625d59454a579ad84236f896081bccd363671", "date": 1623833966000, "env_name": "virtualenv-py3.8", "python": "3.8", "profiles": {}, "started_at": {"label_aggregation_benchmark.Relevance2.time_dawid_skene": 1632150491484, "label_aggregation_benchmark.Relevance2.time_gold_majority_vote": 1632150502017, "label_aggregation_benchmark.Relevance2.time_majority_vote": 1632150508691, "label_aggregation_benchmark.Relevance2.time_mmsr": 1632150320988, "label_aggregation_benchmark.Relevance2.time_wawa": 1632150513959, "label_aggregation_benchmark.Relevance2.time_zbs": 1632150524692, "label_aggregation_benchmark.Relevance2.peakmem_dawid_skene": 1632150411944, "label_aggregation_benchmark.Relevance2.peakmem_gold_majority_vote": 1632150417063, "label_aggregation_benchmark.Relevance2.peakmem_majority_vote": 1632150418220, "label_aggregation_benchmark.Relevance2.peakmem_mmsr": 1632150419178, "label_aggregation_benchmark.Relevance2.peakmem_wawa": 1632150479344, "label_aggregation_benchmark.Relevance2.peakmem_zbs": 1632150481202, "label_aggregation_benchmark.Relevance2.track_accuracy_dawid_skene": 1632150544798, "label_aggregation_benchmark.Relevance2.track_accuracy_gold_majority_vote": 1632150550269, "label_aggregation_benchmark.Relevance2.track_accuracy_majority_vote": 1632150551528, "label_aggregation_benchmark.Relevance2.track_accuracy_mmsr": 1632150552535, "label_aggregation_benchmark.Relevance2.track_accuracy_wawa": 1632150612647, "label_aggregation_benchmark.Relevance2.track_accuracy_zbs": 1632150612901}, "ended_at": {"label_aggregation_benchmark.Relevance2.time_dawid_skene": 1632150502017, "label_aggregation_benchmark.Relevance2.time_gold_majority_vote": 1632150508691, "label_aggregation_benchmark.Relevance2.time_majority_vote": 1632150513959, "label_aggregation_benchmark.Relevance2.time_mmsr": 1632150381150, "label_aggregation_benchmark.Relevance2.time_wawa": 1632150524692, "label_aggregation_benchmark.Relevance2.time_zbs": 1632150544798, "label_aggregation_benchmark.Relevance2.peakmem_dawid_skene": 1632150417063, "label_aggregation_benchmark.Relevance2.peakmem_gold_majority_vote": 1632150418220, "label_aggregation_benchmark.Relevance2.peakmem_majority_vote": 1632150419178, "label_aggregation_benchmark.Relevance2.peakmem_mmsr": 1632150479344, "label_aggregation_benchmark.Relevance2.peakmem_wawa": 1632150481202, "label_aggregation_benchmark.Relevance2.peakmem_zbs": 1632150491484, "label_aggregation_benchmark.Relevance2.track_accuracy_dawid_skene": 1632150550268, "label_aggregation_benchmark.Relevance2.track_accuracy_gold_majority_vote": 1632150551528, "label_aggregation_benchmark.Relevance2.track_accuracy_majority_vote": 1632150552535, "label_aggregation_benchmark.Relevance2.track_accuracy_mmsr": 1632150612647, "label_aggregation_benchmark.Relevance2.track_accuracy_wawa": 1632150612901, "label_aggregation_benchmark.Relevance2.track_accuracy_zbs": 1632150623382}, "benchmark_version": {"label_aggregation_benchmark.Relevance2.time_dawid_skene": "88f5ffd9d32ebcca57bcf651a025ad2a0b691ed8678ddfdc0b7b3c3706ae2841", "label_aggregation_benchmark.Relevance2.time_gold_majority_vote": "a941271c216476d18a69aa535cadb07952260a39843740fe0e24b39da38f2b87", "label_aggregation_benchmark.Relevance2.time_majority_vote": "bf7b878a140af9efeece34d841b277f355e06580d861c68bbc83c5778d378874", "label_aggregation_benchmark.Relevance2.time_mmsr": "5571c05342e9008d9a622d1fd39aab8313ac30d57a0bbc14f8a75fdecf325ec5", "label_aggregation_benchmark.Relevance2.time_wawa": "67cb33c8ffccda0337fde361b5ada33d055cbe734f2d5e18bb3b34175e5dae45", "label_aggregation_benchmark.Relevance2.time_zbs": "439d37a43e482da76ad622b5a5a193a8f7db820344721d397e88445def4fb83e", "label_aggregation_benchmark.Relevance2.peakmem_dawid_skene": "c4518a41f907d2fdca9ec6e25a60a9b7fd53da0b1bd0118501903650bb5f1638", "label_aggregation_benchmark.Relevance2.peakmem_gold_majority_vote": "5f5916fabc3b14c3bdabc854557c7ebafca1ee9217cff4cddabc8dd5df1da65e", "label_aggregation_benchmark.Relevance2.peakmem_majority_vote": "5f7d206e231aae89f9cd72f2db890099a89e82eef9e2820a0c0d8f4e3ddb5efe", "label_aggregation_benchmark.Relevance2.peakmem_mmsr": "586fc489203a8698ebf76b1fdd33e672de89daed052f26ebc0ee51f3d2b5925c", "label_aggregation_benchmark.Relevance2.peakmem_wawa": "74851db6b519ddfce3cc70216af3da6a65142006c943caeca214b211ac785d41", "label_aggregation_benchmark.Relevance2.peakmem_zbs": "0b38906e5d5119c3c36a58dc75c41c24b4e4b0ecc614743f1618fa43fd33f108", "label_aggregation_benchmark.Relevance2.track_accuracy_dawid_skene": "7e0a657652a7e72d8cb6aef9507ae81cad50d30d418a12ad20e99c3d3c50ef1a", "label_aggregation_benchmark.Relevance2.track_accuracy_gold_majority_vote": "69bd13cf276103040ca16849ee8bdec6c75438df3e592dd47e03e7d129c76a5d", "label_aggregation_benchmark.Relevance2.track_accuracy_majority_vote": "7916e4d5988a8dcb77986cebe3cfbced48c6f347e996ee2048a11a02eac51ada", "label_aggregation_benchmark.Relevance2.track_accuracy_mmsr": "860fd1d24b3cc508a9f9d2c2e0a54b6545bd630b580f2595b093bb9b15592b36",