{"results": {"label_aggregation_benchmark.Relevance2.time_dawid_skene": {"result": [4.945531243500227], "stats": [{"ci_99": [3.4158532685141836, 6.475209218486269], "q_25": 4.930234463750367, "q_75": 4.960828023250087, "min": 4.914937684000506, "max": 4.976124802999948, "mean": 4.945531243500227, "std": 0.030593559499720868, "repeat": 2, "number": 1}]}, "label_aggregation_benchmark.Relevance2.time_gold_majority_vote": {"result": [0.8549264054995547], "stats": [{"ci_99": [0.7822730199995931, 0.9284722980000879], "q_25": 0.822206651249644, "q_75": 0.8880365622499085, "min": 0.7822730199995931, "max": 0.9284722980000879, "mean": 0.8557185452997146, "std": 0.042303504197296796, "repeat": 10, "number": 1}]}, "label_aggregation_benchmark.Relevance2.time_majority_vote": {"result": [0.634159899500446], "stats": [{"ci_99": [0.6056380919999356, 0.685419192000154], "q_25": 0.6209376102501665, "q_75": 0.6494084250002743, "min": 0.6056380919999356, "max": 0.685419192000154, "mean": 0.6378984160000982, "std": 0.023627899874265074, "repeat": 10, "number": 1}]}, "label_aggregation_benchmark.Relevance2.time_mmsr": null, "label_aggregation_benchmark.Relevance2.time_wawa": {"result": [1.6011226119999264], "stats": [{"ci_99": [1.5269694620001246, 1.7208786030005285], "q_25": 1.5616025824999724, "q_75": 1.6134971725000469, "min": 1.5269694620001246, "max": 1.7208786030005285, "mean": 1.5978979717000583, "std": 0.05324834510069477, "repeat": 10, "number": 1}]}, "label_aggregation_benchmark.Relevance2.time_zbs": {"result": [9.582377077999809], "stats": [{"ci_99": [-4.869739521977863, 24.034493677977466], "q_25": 9.437855912000032, "q_75": 9.726898243999585, "min": 9.293334746000255, "max": 9.871419409999362, "mean": 9.582377077999809, "std": 0.2890423319995534, "repeat": 2, "number": 1}]}, "label_aggregation_benchmark.Relevance2.peakmem_dawid_skene": 219488256, "label_aggregation_benchmark.Relevance2.peakmem_gold_majority_vote": 196984832, "label_aggregation_benchmark.Relevance2.peakmem_majority_vote": 205811712, "label_aggregation_benchmark.Relevance2.peakmem_mmsr": null, "label_aggregation_benchmark.Relevance2.peakmem_wawa": 217530368, "label_aggregation_benchmark.Relevance2.peakmem_zbs": 226230272, "label_aggregation_benchmark.Relevance2.track_accuracy_dawid_skene": 0.8106955055064987, "label_aggregation_benchmark.Relevance2.track_accuracy_gold_majority_vote": 0.8255779343188808, "label_aggregation_benchmark.Relevance2.track_accuracy_majority_vote": 0.7763667030459371, "label_aggregation_benchmark.Relevance2.track_accuracy_mmsr": null, "label_aggregation_benchmark.Relevance2.track_accuracy_wawa": null, "label_aggregation_benchmark.Relevance2.track_accuracy_zbs": 0.7733902172834607}, "params": {"arch": "x86_64", "cpu": "Intel(R) Xeon(R) Gold 6230 CPU @ 2.10GHz", "machine": "sinosov-vm.sas.yp-c.yandex.net", "num_cpu": "16", "os": "Linux 4.19.100-23", "ram": "16GB", "python": "3.8"}, "requirements": {}, "commit_hash": "80930cc3dd180652b3690c8f6a331e2a62651d7b", "date": 1623947554000, "env_name": "virtualenv-py3.8", "python": "3.8", "profiles": {}, "started_at": {"label_aggregation_benchmark.Relevance2.time_dawid_skene": 1632149499240, "label_aggregation_benchmark.Relevance2.time_gold_majority_vote": 1632149509870, "label_aggregation_benchmark.Relevance2.time_majority_vote": 1632149516244, "label_aggregation_benchmark.Relevance2.time_mmsr": 1632149326152, "label_aggregation_benchmark.Relevance2.time_wawa": 1632149521363, "label_aggregation_benchmark.Relevance2.time_zbs": 1632149532149, "label_aggregation_benchmark.Relevance2.peakmem_dawid_skene": 1632149418806, "label_aggregation_benchmark.Relevance2.peakmem_gold_majority_vote": 1632149424225, "label_aggregation_benchmark.Relevance2.peakmem_majority_vote": 1632149425484, "label_aggregation_benchmark.Relevance2.peakmem_mmsr": 1632149426490, "label_aggregation_benchmark.Relevance2.peakmem_wawa": 1632149486601, "label_aggregation_benchmark.Relevance2.peakmem_zbs": 1632149488459, "label_aggregation_benchmark.Relevance2.track_accuracy_dawid_skene": 1632149552162, "label_aggregation_benchmark.Relevance2.track_accuracy_gold_majority_vote": 1632149557381, "label_aggregation_benchmark.Relevance2.track_accuracy_majority_vote": 1632149558639, "label_aggregation_benchmark.Relevance2.track_accuracy_mmsr": 1632149559596, "label_aggregation_benchmark.Relevance2.track_accuracy_wawa": 1632149619800, "label_aggregation_benchmark.Relevance2.track_accuracy_zbs": 1632149620054}, "ended_at": {"label_aggregation_benchmark.Relevance2.time_dawid_skene": 1632149509870, "label_aggregation_benchmark.Relevance2.time_gold_majority_vote": 1632149516244, "label_aggregation_benchmark.Relevance2.time_majority_vote": 1632149521362, "label_aggregation_benchmark.Relevance2.time_mmsr": 1632149386313, "label_aggregation_benchmark.Relevance2.time_wawa": 1632149532148, "label_aggregation_benchmark.Relevance2.time_zbs": 1632149552162, "label_aggregation_benchmark.Relevance2.peakmem_dawid_skene": 1632149424225, "label_aggregation_benchmark.Relevance2.peakmem_gold_majority_vote": 1632149425484, "label_aggregation_benchmark.Relevance2.peakmem_majority_vote": 1632149426490, "label_aggregation_benchmark.Relevance2.peakmem_mmsr": 1632149486601, "label_aggregation_benchmark.Relevance2.peakmem_wawa": 1632149488459, "label_aggregation_benchmark.Relevance2.peakmem_zbs": 1632149499240, "label_aggregation_benchmark.Relevance2.track_accuracy_dawid_skene": 1632149557381, "label_aggregation_benchmark.Relevance2.track_accuracy_gold_majority_vote": 1632149558639, "label_aggregation_benchmark.Relevance2.track_accuracy_majority_vote": 1632149559596, "label_aggregation_benchmark.Relevance2.track_accuracy_mmsr": 1632149619800, "label_aggregation_benchmark.Relevance2.track_accuracy_wawa": 1632149620054, "label_aggregation_benchmark.Relevance2.track_accuracy_zbs": 1632149630487}, "benchmark_version": {"label_aggregation_benchmark.Relevance2.time_dawid_skene": "88f5ffd9d32ebcca57bcf651a025ad2a0b691ed8678ddfdc0b7b3c3706ae2841", "label_aggregation_benchmark.Relevance2.time_gold_majority_vote": "a941271c216476d18a69aa535cadb07952260a39843740fe0e24b39da38f2b87", "label_aggregation_benchmark.Relevance2.time_majority_vote": "bf7b878a140af9efeece34d841b277f355e06580d861c68bbc83c5778d378874", "label_aggregation_benchmark.Relevance2.time_mmsr": "5571c05342e9008d9a622d1fd39aab8313ac30d57a0bbc14f8a75fdecf325ec5", "label_aggregation_benchmark.Relevance2.time_wawa": "67cb33c8ffccda0337fde361b5ada33d055cbe734f2d5e18bb3b34175e5dae45", "label_aggregation_benchmark.Relevance2.time_zbs": "439d37a43e482da76ad622b5a5a193a8f7db820344721d397e88445def4fb83e", "label_aggregation_benchmark.Relevance2.peakmem_dawid_skene": "c4518a41f907d2fdca9ec6e25a60a9b7fd53da0b1bd0118501903650bb5f1638", "label_aggregation_benchmark.Relevance2.peakmem_gold_majority_vote": "5f5916fabc3b14c3bdabc854557c7ebafca1ee9217cff4cddabc8dd5df1da65e", "label_aggregation_benchmark.Relevance2.peakmem_majority_vote": "5f7d206e231aae89f9cd72f2db890099a89e82eef9e2820a0c0d8f4e3ddb5efe", "label_aggregation_benchmark.Relevance2.peakmem_mmsr": "586fc489203a8698ebf76b1fdd33e672de89daed052f26ebc0ee51f3d2b5925c", "label_aggregation_benchmark.Relevance2.peakmem_wawa": "74851db6b519ddfce3cc70216af3da6a65142006c943caeca214b211ac785d41", "label_aggregation_benchmark.Relevance2.peakmem_zbs": "0b38906e5d5119c3c36a58dc75c41c24b4e4b0ecc614743f1618fa43fd33f108", "label_aggregation_benchmark.Relevance2.track_accuracy_dawid_skene": "7e0a657652a7e72d8cb6aef9507ae81cad50d30d418a12ad20e99c3d3c50ef1a", "label_aggregation_benchmark.Relevance2.track_accuracy_gold_majority_vote": "69bd13cf276103040ca16849ee8bdec6c75438df3e592dd47e03e7d129c76a5d", "label_aggregation_benchmark.Relevance2.track_accuracy_majority_vote": "7916e4d5988a8dcb77986cebe3cfbced48c6f347e996ee2048a11a02eac51ada", "label_aggregation_benchmark.Relevance2.track_accuracy_mmsr": "860fd1d24b3cc508a9f9d2c2e0a54b6545bd630b580f2595b093bb9b15592b36",