{"results": {"label_aggregation_benchmark.Relevance2.time_dawid_skene": {"result": [4.652792222499556], "stats": [{"ci_99": [4.552625773666747, 4.727197968832301], "q_25": 4.629967523999994, "q_75": 4.662736569749086, "min": 4.583043863999592, "max": 4.67101917599939, "mean": 4.639911871249524, "std": 0.03404646193340546, "repeat": 4, "number": 1}]}, "label_aggregation_benchmark.Relevance2.time_gold_majority_vote": {"result": [0.8682854230000885], "stats": [{"ci_99": [0.8264153330001136, 0.9650093870004639], "q_25": 0.8532036007495662, "q_75": 0.9021916540000348, "min": 0.8264153330001136, "max": 0.9650093870004639, "mean": 0.8771155813000405, "std": 0.03981602656897673, "repeat": 10, "number": 1}]}, "label_aggregation_benchmark.Relevance2.time_majority_vote": {"result": [0.6800752354997712], "stats": [{"ci_99": [0.6055716129994835, 0.7433433320002223], "q_25": 0.6472479632504928, "q_75": 0.7142013857508118, "min": 0.6055716129994835, "max": 0.7433433320002223, "mean": 0.6796730695002224, "std": 0.043382553641214114, "repeat": 10, "number": 1}]}, "label_aggregation_benchmark.Relevance2.time_mmsr": null, "label_aggregation_benchmark.Relevance2.time_wawa": {"result": [1.6352522189999945], "stats": [{"ci_99": [1.5999969099993905, 1.7235537029991974], "q_25": 1.6188731952493072, "q_75": 1.6736158369990335, "min": 1.5999969099993905, "max": 1.7235537029991974, "mean": 1.6469595729993671, "std": 0.03620001765585199, "repeat": 10, "number": 1}]}, "label_aggregation_benchmark.Relevance2.time_zbs": {"result": [9.624268185999426], "stats": [{"ci_99": [-1.1943017640160178, 20.442838136014863], "q_25": 9.516082486499272, "q_75": 9.73245388549958, "min": 9.407896786999117, "max": 9.840639584999735, "mean": 9.624268185999426, "std": 0.21637139900030888, "repeat": 2, "number": 1}]}, "label_aggregation_benchmark.Relevance2.peakmem_dawid_skene": 217911296, "label_aggregation_benchmark.Relevance2.peakmem_gold_majority_vote": 210898944, "label_aggregation_benchmark.Relevance2.peakmem_majority_vote": 206483456, "label_aggregation_benchmark.Relevance2.peakmem_mmsr": null, "label_aggregation_benchmark.Relevance2.peakmem_wawa": 217911296, "label_aggregation_benchmark.Relevance2.peakmem_zbs": 238587904, "label_aggregation_benchmark.Relevance2.track_accuracy_dawid_skene": 0.8106955055064987, "label_aggregation_benchmark.Relevance2.track_accuracy_gold_majority_vote": 0.8255779343188808, "label_aggregation_benchmark.Relevance2.track_accuracy_majority_vote": 0.7763667030459371, "label_aggregation_benchmark.Relevance2.track_accuracy_mmsr": null, "label_aggregation_benchmark.Relevance2.track_accuracy_wawa": null, "label_aggregation_benchmark.Relevance2.track_accuracy_zbs": 0.7733902172834607}, "params": {"arch": "x86_64", "cpu": "Intel(R) Xeon(R) Gold 6230 CPU @ 2.10GHz", "machine": "sinosov-vm.sas.yp-c.yandex.net", "num_cpu": "16", "os": "Linux 4.19.100-23", "ram": "16GB", "python": "3.8"}, "requirements": {}, "commit_hash": "9ddbabb4e3ff0feaeeea448044a167f74bea3211", "date": 1617826696000, "env_name": "virtualenv-py3.8", "python": "3.8", "profiles": {}, "started_at": {"label_aggregation_benchmark.Relevance2.time_dawid_skene": 1632152497147, "label_aggregation_benchmark.Relevance2.time_gold_majority_vote": 1632152512243, "label_aggregation_benchmark.Relevance2.time_majority_vote": 1632152518615, "label_aggregation_benchmark.Relevance2.time_mmsr": 1632152325133, "label_aggregation_benchmark.Relevance2.time_wawa": 1632152524086, "label_aggregation_benchmark.Relevance2.time_zbs": 1632152535479, "label_aggregation_benchmark.Relevance2.peakmem_dawid_skene": 1632152416991, "label_aggregation_benchmark.Relevance2.peakmem_gold_majority_vote": 1632152422108, "label_aggregation_benchmark.Relevance2.peakmem_majority_vote": 1632152423366, "label_aggregation_benchmark.Relevance2.peakmem_mmsr": 1632152424325, "label_aggregation_benchmark.Relevance2.peakmem_wawa": 1632152484504, "label_aggregation_benchmark.Relevance2.peakmem_zbs": 1632152486413, "label_aggregation_benchmark.Relevance2.track_accuracy_dawid_skene": 1632152555339, "label_aggregation_benchmark.Relevance2.track_accuracy_gold_majority_vote": 1632152560806, "label_aggregation_benchmark.Relevance2.track_accuracy_majority_vote": 1632152562064, "label_aggregation_benchmark.Relevance2.track_accuracy_mmsr": 1632152563071, "label_aggregation_benchmark.Relevance2.track_accuracy_wawa": 1632152623228, "label_aggregation_benchmark.Relevance2.track_accuracy_zbs": 1632152623483}, "ended_at": {"label_aggregation_benchmark.Relevance2.time_dawid_skene": 1632152512243, "label_aggregation_benchmark.Relevance2.time_gold_majority_vote": 1632152518614, "label_aggregation_benchmark.Relevance2.time_majority_vote": 1632152524085, "label_aggregation_benchmark.Relevance2.time_mmsr": 1632152385295, "label_aggregation_benchmark.Relevance2.time_wawa": 1632152535479, "label_aggregation_benchmark.Relevance2.time_zbs": 1632152555339, "label_aggregation_benchmark.Relevance2.peakmem_dawid_skene": 1632152422108, "label_aggregation_benchmark.Relevance2.peakmem_gold_majority_vote": 1632152423366, "label_aggregation_benchmark.Relevance2.peakmem_majority_vote": 1632152424325, "label_aggregation_benchmark.Relevance2.peakmem_mmsr": 1632152484504, "label_aggregation_benchmark.Relevance2.peakmem_wawa": 1632152486413, "label_aggregation_benchmark.Relevance2.peakmem_zbs": 1632152497147, "label_aggregation_benchmark.Relevance2.track_accuracy_dawid_skene": 1632152560806, "label_aggregation_benchmark.Relevance2.track_accuracy_gold_majority_vote": 1632152562064, "label_aggregation_benchmark.Relevance2.track_accuracy_majority_vote": 1632152563071, "label_aggregation_benchmark.Relevance2.track_accuracy_mmsr": 1632152623228, "label_aggregation_benchmark.Relevance2.track_accuracy_wawa": 1632152623483, "label_aggregation_benchmark.Relevance2.track_accuracy_zbs": 1632152633912}, "benchmark_version": {"label_aggregation_benchmark.Relevance2.time_dawid_skene": "88f5ffd9d32ebcca57bcf651a025ad2a0b691ed8678ddfdc0b7b3c3706ae2841", "label_aggregation_benchmark.Relevance2.time_gold_majority_vote": "a941271c216476d18a69aa535cadb07952260a39843740fe0e24b39da38f2b87", "label_aggregation_benchmark.Relevance2.time_majority_vote": "bf7b878a140af9efeece34d841b277f355e06580d861c68bbc83c5778d378874", "label_aggregation_benchmark.Relevance2.time_mmsr": "5571c05342e9008d9a622d1fd39aab8313ac30d57a0bbc14f8a75fdecf325ec5", "label_aggregation_benchmark.Relevance2.time_wawa": "67cb33c8ffccda0337fde361b5ada33d055cbe734f2d5e18bb3b34175e5dae45", "label_aggregation_benchmark.Relevance2.time_zbs": "439d37a43e482da76ad622b5a5a193a8f7db820344721d397e88445def4fb83e", "label_aggregation_benchmark.Relevance2.peakmem_dawid_skene": "c4518a41f907d2fdca9ec6e25a60a9b7fd53da0b1bd0118501903650bb5f1638", "label_aggregation_benchmark.Relevance2.peakmem_gold_majority_vote": "5f5916fabc3b14c3bdabc854557c7ebafca1ee9217cff4cddabc8dd5df1da65e", "label_aggregation_benchmark.Relevance2.peakmem_majority_vote": "5f7d206e231aae89f9cd72f2db890099a89e82eef9e2820a0c0d8f4e3ddb5efe", "label_aggregation_benchmark.Relevance2.peakmem_mmsr": "586fc489203a8698ebf76b1fdd33e672de89daed052f26ebc0ee51f3d2b5925c", "label_aggregation_benchmark.Relevance2.peakmem_wawa": "74851db6b519ddfce3cc70216af3da6a65142006c943caeca214b211ac785d41", "label_aggregation_benchmark.Relevance2.peakmem_zbs": "0b38906e5d5119c3c36a58dc75c41c24b4e4b0ecc614743f1618fa43fd33f108", "label_aggregation_benchmark.Relevance2.track_accuracy_dawid_skene": "7e0a657652a7e72d8cb6aef9507ae81cad50d30d418a12ad20e99c3d3c50ef1a", "label_aggregation_benchmark.Relevance2.track_accuracy_gold_majority_vote": "69bd13cf276103040ca16849ee8bdec6c75438df3e592dd47e03e7d129c76a5d", "label_aggregation_benchmark.Relevance2.track_accuracy_majority_vote": "7916e4d5988a8dcb77986cebe3cfbced48c6f347e996ee2048a11a02eac51ada", "label_aggregation_benchmark.Relevance2.track_accuracy_mmsr": "860fd1d24b3cc508a9f9d2c2e0a54b6545bd630b580f2595b093bb9b15592b36",